-3.3604,0,685.51,0.009,0.032522
-3.3428,1.7562,13.02,0.0091231,0.032522
-3.3253,1.7461,12.952,0.0092457,0.032522
-3.3079,1.7292,12.886,0.0093673,0.032522
-3.2907,1.7054,12.822,0.0094874,0.032522
-3.2738,1.6749,12.76,0.0096057,0.032522
-3.2573,1.6378,12.702,0.0097215,0.032522
-3.2411,1.5942,12.646,0.0098345,0.032522
-3.2303,-3.3385,13.589,0.0099442,0.032557
-3.2103,1.4884,12.544,0.01005,0.032522
-3.2007,1.4265,12.517,0.010152,0.032557
-3.1868,1.3591,12.475,0.010249,0.032557
-3.1736,1.2862,12.437,0.010342,0.032557
-3.1611,1.2083,12.403,0.010429,0.032557
-3.1495,1.1257,12.373,0.01051,0.032557
-3.1387,-3.8443,13.324,0.010586,0.032557
-3.1288,0.94734,12.326,0.010655,0.032557
-3.115,0.85238,12.289,0.010718,0.032522
-3.1119,-4.1287,13.273,0.010773,0.032557
-3.1,0.65277,12.27,0.010822,0.032522
-3.0941,0.5489,12.266,0.010864,0.032522
-3.0891,0.44287,12.268,0.010898,0.032522
-3.0804,0.33509,12.255,0.010925,0.032488
-3.0777,0.22598,12.266,0.010945,0.032488
-3.076,0.11598,12.281,0.010956,0.032488
-3.0706,0.005527,12.281,0.01096,0.032454
-3.0711,-0.10495,12.306,0.010956,0.032454
-3.0728,-5.0978,13.311,0.010945,0.032454
-3.0755,-0.32423,12.367,0.010925,0.032454
-3.0745,-0.43216,12.384,0.010898,0.03242
-3.0794,-0.53839,12.425,0.010864,0.03242
-3.0854,-0.6425,12.47,0.010822,0.03242
-3.0924,-0.74406,12.518,0.010773,0.03242
-3.1003,-0.8427,12.57,0.010718,0.03242
-3.1093,-0.938,12.625,0.010655,0.03242
-3.1192,-1.0296,12.683,0.010586,0.03242
-3.13,-1.1171,12.743,0.01051,0.03242
-3.1416,-1.2003,12.806,0.010429,0.03242
-3.154,-1.2787,12.872,0.010342,0.03242
-3.1672,-1.352,12.939,0.010249,0.03242
-3.1811,-1.42,13.009,0.010152,0.03242
-3.1957,-1.4824,13.079,0.01005,0.03242
-3.2108,-1.539,13.151,0.0099442,0.03242
-3.2265,-1.5895,13.224,0.0098345,0.03242
-3.2377,3.2491,12.301,0.0097215,0.032386
-3.2592,-6.5543,14.348,0.0096057,0.03242
-3.2712,-1.7026,13.425,0.0094874,0.032386
-3.2884,-1.7271,13.499,0.0093673,0.032386
-3.3008,3.1381,12.576,0.0092457,0.032352
-3.3232,-1.7555,13.644,0.0091231,0.032386
-3.3359,-1.7593,13.696,0.009,0.032352
-3.3535,-1.7562,13.765,0.0088769,0.032352
-3.371,-1.7461,13.833,0.0087543,0.032352
-3.3884,-1.7292,13.899,0.0086327,0.032352
-3.4007,3.1774,12.967,0.0085126,0.032317
-3.4225,-6.5577,15.001,0.0083943,0.032352
-3.4097,3.245,12.99,0.0082785,0.032146
-3.3624,8.1714,11.815,0.0081655,0.031702
-3.2511,17.987,9.407,0.0080558,0.030813
-3.0612,22.926,7.6595,0.0079498,0.029378
-2.7974,27.87,5.6155,0.0078479,0.02743
-2.5183,27.938,4.4857,0.0077506,0.025379
-2.2239,28.011,3.2935,0.0076583,0.023226
-1.9092,28.089,2.0191,0.0075712,0.020936
-1.6132,28.171,0.81858,0.0074898,0.018782
-1.3652,23.376,0.78568,0.0074143,0.016971
-1.1212,23.467,-0.20864,0.0073451,0.015193
-0.87623,23.562,-1.2074,0.0072824,0.013416
-0.67425,18.777,-1.0584,0.0072265,0.011946
-0.51522,13.996,-0.73825,0.0071776,0.010784
-0.33563,18.982,-2.4539,0.0071359,0.0094854
-0.12081,19.088,-3.3344,0.0071016,0.0079473
0.070663,19.196,-4.1219,0.0070747,0.0065801
0.19975,14.422,-3.6835,0.0070555,0.0056572
0.29087,9.6496,-3.0934,0.0070439,0.0050078
0.35379,4.8773,-2.3906,0.00704,0.0045635
0.40805,0.10495,-1.6532,0.0070439,0.0041875
0.44877,0.21501,-1.8381,0.0070555,0.0039141
0.48082,0.32423,-1.9881,0.0070747,0.003709
0.50419,0.43216,-2.1032,0.0071016,0.0035723
0.52863,5.4212,-3.1987,0.0071359,0.0034355
0.54435,5.5253,-3.2825,0.0071776,0.0033672
0.55622,0.74406,-2.3737,0.0072265,0.003333
0.56909,0.8427,-2.4449,0.0072824,0.0032988
0.58292,0.938,-2.5193,0.0073451,0.0032646
0.59281,1.0296,-2.5772,0.0074143,0.0032646
0.61336,6,-3.6534,0.0074898,0.0031963
0.62499,1.2003,-2.74,0.0075712,0.0031963
0.64719,1.2787,-2.8445,0.0076583,0.0031279
0.66039,1.352,-2.912,0.0077506,0.0031279
0.67917,1.42,-3.0007,0.0078479,0.0030937
0.69372,1.4824,-3.0714,0.0079498,0.0030937
0.70886,1.539,-3.1432,0.0080558,0.0030937
0.72453,1.5895,-3.216,0.0081655,0.0030937
0.74068,1.6337,-3.2894,0.0082785,0.0030937
0.75723,1.6715,-3.3632,0.0083943,0.0030937
0.77412,1.7026,-3.437,0.0085126,0.0030937
0.79128,1.7271,-3.5105,0.0086327,0.0030937
0.80866,1.7447,-3.5836,0.0087543,0.0030937
0.83105,1.7555,-3.6753,0.0088769,0.0030596
0.84863,1.7593,-3.7464,0.009,0.0030596
0.86621,1.7562,-3.8161,0.0091231,0.0030596
0.88373,-3.1367,-2.9076,0.0092457,0.0030596
0.9011,1.7292,-3.9502,0.0093673,0.0030596
0.91827,-3.1774,-3.0376,0.0094874,0.0030596
0.93516,1.6749,-4.0756,0.0096057,0.0030596
0.95171,1.6378,-4.1344,0.0097215,0.0030596
0.96785,6.477,-5.1668,0.0098345,0.0030596
0.98352,1.5443,-4.243,0.0099442,0.0030596
0.99866,6.3712,-5.2689,0.01005,0.0030596
1.0132,1.4265,-4.3382,0.010152,0.0030596
1.0271,1.3591,-4.3803,0.010249,0.0030596
1.0452,6.1691,-5.4146,0.010342,0.0030254
1.0527,1.2083,-4.4526,0.010429,0.0030596
1.0693,1.1257,-4.5022,0.01051,0.0030254
1.08,5.9214,-5.5044,0.010586,0.0030254
1.0899,0.94734,-4.5492,0.010655,0.0030254
1.0989,5.7352,-5.5426,0.010718,0.0030254
1.1069,0.75407,-4.5783,0.010773,0.0030254
1.1139,0.65277,-4.586,0.010822,0.0030254
1.1198,0.5489,-4.589,0.010864,0.0030254
1.1247,0.44287,-4.5874,0.010898,0.0030254
1.1286,0.33509,-4.5812,0.010925,0.0030254
1.1313,0.22598,-4.5704,0.010945,0.0030254
1.133,0.11598,-4.555,0.010956,0.0030254
1.1335,0.005527,-4.5352,0.01096,0.0030254
1.133,-0.10495,-4.5109,0.010956,0.0030254
1.1313,-0.21501,-4.4822,0.010945,0.0030254
1.1286,-0.32423,-4.4494,0.010925,0.0030254
1.1247,-0.43216,-4.4124,0.010898,0.0030254
1.1198,-0.53839,-4.3716,0.010864,0.0030254
1.1139,-0.6425,-4.3269,0.010822,0.0030254
1.1069,-0.74406,-4.2787,0.010773,0.0030254
1.0989,4.0401,-5.2035,0.010718,0.0030254
1.085,-5.8208,-3.176,0.010655,0.0030596
1.0752,-1.0296,-4.0947,0.010586,0.0030596
1.0595,-6,-3.038,0.01051,0.0030937
1.0479,-1.2003,-3.9514,0.010429,0.0030937
1.0305,-1.2787,-3.8664,0.010342,0.0031279
1.0173,-1.352,-3.799,0.010249,0.0031279
1.0034,-1.42,-3.7298,0.010152,0.0031279
0.9889,-1.4824,-3.6591,0.01005,0.0031279
0.97376,-1.539,-3.5872,0.0099442,0.0031279
0.95809,-1.5895,-3.5144,0.0098345,0.0031279
0.94682,-1.6337,-3.4606,0.0097215,0.0030937
0.93027,-1.6715,-3.3868,0.0096057,0.0030937
0.91827,-1.7026,-3.3325,0.0094874,0.0030596
0.9011,-1.7271,-3.259,0.0093673,0.0030596
0.88861,-1.7447,-3.2055,0.0092457,0.0030254
0.8711,-1.7555,-3.1333,0.0091231,0.0030254
0.85352,-1.7593,-3.0622,0.009,0.0030254
0.84082,3.1267,-3.9886,0.0088769,0.0029912
0.82331,-1.7461,-2.944,0.0087543,0.0029912
0.80593,-1.7292,-2.8779,0.0086327,0.0029912
0.78877,-1.7054,-2.814,0.0085126,0.0029912
0.77187,-1.6749,-2.7525,0.0083943,0.0029912
0.75532,-1.6378,-2.6937,0.0082785,0.0029912
0.73918,-1.5942,-2.6379,0.0081655,0.0029912
0.72351,-1.5443,-2.5852,0.0080558,0.0029912
0.70837,-1.4884,-2.5358,0.0079498,0.0029912
0.69382,-1.4265,-2.49,0.0078479,0.0029912
0.67992,-1.3591,-2.4479,0.0077506,0.0029912
0.66673,-1.2862,-2.4097,0.0076583,0.0029912
0.65429,-1.2083,-2.3755,0.0075712,0.0029912
0.64265,-1.1257,-2.3455,0.0074898,0.0029912
0.62699,-1.0386,-2.3003,0.0074143,0.0030254
0.6171,-0.94734,-2.2789,0.0073451,0.0030254
0.60815,-0.85238,-2.2621,0.0072824,0.0030254
0.60016,-0.75407,-2.2498,0.0072265,0.0030254
0.59318,-0.65277,-2.2422,0.0071776,0.0030254
0.57745,-5.4317,-1.2235,0.0071359,0.0030937
0.56278,-0.44287,-2.1626,0.0071016,0.0031621
0.5443,-0.33509,-2.1102,0.0070747,0.0032646
0.52201,-5.1088,-1.0663,0.0070555,0.0034014
0.48618,-4.9988,-0.94495,0.0070439,0.0036406
0.4368,-4.8883,-0.76952,0.00704,0.0039824
0.37387,-4.7779,-0.53992,0.0070439,0.0044268
0.31205,-4.6678,-0.31465,0.0070555,0.0048711
0.24644,-9.4414,0.9025,0.0070747,0.0053496
0.1868,-4.4507,0.14291,0.0071016,0.0057939
0.138,-4.3444,0.31688,0.0071359,0.0061699
0.10001,0.6425,-0.52856,0.0071776,0.0064775
0.082586,0.74406,-0.47916,0.0072265,0.0066484
0.10034,0.8427,-0.56989,0.0072824,0.0065801
0.14347,5.8208,-1.738,0.0073451,0.0063408
0.20219,5.9124,-1.9912,0.0074143,0.005999
0.26668,10.883,-3.2433,0.0074898,0.005623
0.34667,6.0831,-2.6033,0.0075712,0.0051445
0.43235,6.1615,-2.9617,0.0076583,0.0046318
0.5139,6.2348,-3.3026,0.0077506,0.0041533
0.5864,6.3029,-3.6062,0.0078479,0.0037432
0.64489,6.3653,-3.8526,0.0079498,0.0034355
0.68444,6.4218,-4.0221,0.0080558,0.0032646
0.71477,1.5895,-3.177,0.0081655,0.0031621
0.74068,1.6337,-3.2894,0.0082785,0.0030937
0.76211,1.6715,-3.3827,0.0083943,0.0030596
0.78388,1.7026,-3.4761,0.0085126,0.0030254
0.80105,1.7271,-3.5496,0.0086327,0.0030254
0.82331,1.7447,-3.6422,0.0087543,0.0029912
0.84082,1.7555,-3.7144,0.0088769,0.0029912
0.8584,1.7593,-3.7854,0.009,0.0029912
0.88086,6.639,-4.8512,0.0091231,0.002957
0.89837,1.7461,-3.9427,0.0092457,0.002957
0.92063,1.7292,-4.0284,0.0093673,0.0029229
0.9378,1.7054,-4.0923,0.0094874,0.0029229
0.95469,1.6749,-4.1537,0.0096057,0.0029229
0.97612,1.6378,-4.232,0.0097215,0.0028887
0.99715,6.477,-5.284,0.0098345,0.0028545
1.0177,6.4271,-5.3562,0.0099442,0.0028203
1.0328,1.4884,-4.4291,0.01005,0.0028203
1.0523,1.4265,-4.4944,0.010152,0.0027861
1.0662,1.3591,-4.5365,0.010249,0.0027861
1.0794,1.2862,-4.5747,0.010342,0.0027861
1.0918,1.2083,-4.6089,0.010429,0.0027861
1.1034,1.1257,-4.6389,0.01051,0.0027861
1.1142,1.0386,-4.6646,0.010586,0.0027861
1.1241,0.94734,-4.6859,0.010655,0.0027861
1.1331,0.85238,-4.7027,0.010718,0.0027861
1.141,0.75407,-4.715,0.010773,0.0027861
1.1431,0.65277,-4.7032,0.010822,0.0028203
1.1491,0.5489,-4.7062,0.010864,0.0028203
1.1491,0.44287,-4.6851,0.010898,0.0028545
1.1481,0.33509,-4.6594,0.010925,0.0028887
1.1508,0.22598,-4.6486,0.010945,0.0028887
1.1525,0.11598,-4.6332,0.010956,0.0028887
1.1482,0.005527,-4.5938,0.01096,0.0029229
1.1476,-0.10495,-4.5695,0.010956,0.0029229
1.146,-0.21501,-4.5408,0.010945,0.0029229
1.1432,-0.32423,-4.508,0.010925,0.0029229
1.1394,-0.43216,-4.471,0.010898,0.0029229
1.1345,-0.53839,-4.4302,0.010864,0.0029229
1.1236,-0.6425,-4.366,0.010822,0.002957
1.1166,-0.74406,-4.3177,0.010773,0.002957
1.1086,-0.8427,-4.266,0.010718,0.002957
1.0997,-0.938,-4.2112,0.010655,0.002957
1.0898,3.8532,-5.1299,0.010586,0.002957
1.0741,-1.1171,-4.0731,0.01051,0.0029912
1.0625,-1.2003,-4.01,0.010429,0.0029912
1.0501,-1.2787,-3.9446,0.010342,0.0029912
1.0369,-6.2348,-2.9005,0.010249,0.0029912
1.023,-1.42,-3.8079,0.010152,0.0029912
1.0084,-1.4824,-3.7372,0.01005,0.0029912
0.99329,-6.4218,-2.6888,0.0099442,0.0029912
0.97762,-6.4723,-2.616,0.0098345,0.0029912
0.96636,-1.6337,-3.5387,0.0097215,0.002957
0.94981,-1.6715,-3.4649,0.0096057,0.002957
0.93291,-1.7026,-3.3911,0.0094874,0.002957
0.91575,-1.7271,-3.3176,0.0093673,0.002957
0.89837,-1.7447,-3.2446,0.0092457,0.002957
0.88086,-1.7555,-3.1724,0.0091231,0.002957
0.86328,-1.7593,-3.1013,0.009,0.002957
0.8457,-1.7562,-3.0316,0.0088769,0.002957
0.82819,-1.7461,-2.9635,0.0087543,0.002957
0.81081,-1.7292,-2.8974,0.0086327,0.002957
0.79365,-6.5882,-1.857,0.0085126,0.002957
0.78164,-1.6749,-2.7916,0.0083943,0.0029229
0.76509,-1.6378,-2.7328,0.0082785,0.0029229
0.74895,-1.5942,-2.6769,0.0081655,0.0029229
0.73327,-1.5443,-2.6242,0.0080558,0.0029229
0.71813,-1.4884,-2.5749,0.0079498,0.0029229
0.70358,-1.4265,-2.529,0.0078479,0.0029229
0.68969,-1.3591,-2.4869,0.0077506,0.0029229
0.67649,-1.2862,-2.4487,0.0076583,0.0029229
0.66894,3.6745,-3.4106,0.0075712,0.0028887
0.65242,-1.1257,-2.3845,0.0074898,0.0029229
0.64652,-1.0386,-2.3784,0.0074143,0.0028887
0.63664,-5.8301,-1.3805,0.0073451,0.0028887
0.63256,-0.85238,-2.3598,0.0072824,0.0028545
0.62458,-0.75407,-2.3475,0.0072265,0.0028545
0.62248,-0.65277,-2.3593,0.0071776,0.0028203
0.61652,-0.5489,-2.3563,0.0071359,0.0028203
0.61649,4.4399,-3.354,0.0071016,0.0027861
0.60777,-0.33509,-2.3641,0.0070747,0.0028203
0.6099,4.6568,-3.371,0.0070555,0.0027861
0.60337,-0.11598,-2.3903,0.0070439,0.0028203
0.6077,-0.005527,-2.4297,0.00704,0.0027861
0.60337,-4.7779,-1.4579,0.0070439,0.0028203
0.6099,0.21501,-2.4826,0.0070555,0.0027861
0.60777,-4.5586,-1.5194,0.0070747,0.0028203
0.61649,0.43216,-2.5524,0.0071016,0.0027861
0.6214,0.53839,-2.5933,0.0071359,0.0027861
0.62736,0.6425,-2.6379,0.0071776,0.0027861
0.63434,0.74406,-2.6862,0.0072265,0.0027861
0.64233,0.8427,-2.7379,0.0072824,0.0027861
0.65128,0.938,-2.7927,0.0073451,0.0027861
0.66117,1.0296,-2.8506,0.0074143,0.0027861
0.67195,1.1171,-2.9112,0.0074898,0.0027861
0.68358,1.2003,-2.9744,0.0075712,0.0027861
0.69602,6.1615,-4.0164,0.0076583,0.0027861
0.70922,1.352,-3.1073,0.0077506,0.0027861
0.72312,6.3029,-4.153,0.0078479,0.0027861
0.73766,1.4824,-3.2471,0.0079498,0.0027861
0.74792,1.539,-3.2995,0.0080558,0.0028203
0.76359,1.5895,-3.3723,0.0081655,0.0028203
0.77485,1.6337,-3.4262,0.0082785,0.0028545
0.7914,1.6715,-3.4999,0.0083943,0.0028545
0.80341,1.7026,-3.5542,0.0085126,0.0028887
0.82058,1.7271,-3.6277,0.0086327,0.0028887
0.83307,1.7447,-3.6812,0.0087543,0.0029229
0.85058,1.7555,-3.7534,0.0088769,0.0029229
0.86816,1.7593,-3.8245,0.009,0.0029229
0.88575,1.7562,-3.8942,0.0091231,0.0029229
0.90326,1.7461,-3.9622,0.0092457,0.0029229
0.92063,1.7292,-4.0284,0.0093673,0.0029229
0.93291,1.7054,-4.0727,0.0094874,0.002957
0.95469,1.6749,-4.1537,0.0096057,0.0029229
0.96636,1.6378,-4.193,0.0097215,0.002957
0.9825,1.5942,-4.2488,0.0098345,0.002957
0.99817,6.4271,-5.2781,0.0099442,0.002957
1.0133,1.4884,-4.3509,0.01005,0.002957
1.023,1.4265,-4.3772,0.010152,0.0029912
1.0369,1.3591,-4.4193,0.010249,0.0029912
1.0501,1.2862,-4.4575,0.010342,0.0029912
1.0625,1.2083,-4.4917,0.010429,0.0029912
1.0741,1.1257,-4.5217,0.01051,0.0029912
1.0849,1.0386,-4.5474,0.010586,0.0029912
1.0899,-3.9355,-3.5726,0.010655,0.0030254
1.1038,0.85238,-4.5855,0.010718,0.0029912
1.1069,-4.1287,-3.6017,0.010773,0.0030254
1.1187,0.65277,-4.6055,0.010822,0.0029912
1.1247,5.4317,-5.5851,0.010864,0.0029912
1.1296,0.44287,-4.607,0.010898,0.0029912
1.1286,0.33509,-4.5812,0.010925,0.0030254
1.1362,0.22598,-4.59,0.010945,0.0029912
1.133,-4.7668,-3.5785,0.010956,0.0030254
1.1384,0.005527,-4.5547,0.01096,0.0029912
1.133,-4.9878,-3.5343,0.010956,0.0030254
1.1362,-0.21501,-4.5018,0.010945,0.0029912
1.1334,-0.32423,-4.4689,0.010925,0.0029912
1.1296,-0.43216,-4.432,0.010898,0.0029912
1.1247,-0.53839,-4.3911,0.010864,0.0029912
1.1236,-0.6425,-4.366,0.010822,0.002957
1.1166,-0.74406,-4.3177,0.010773,0.002957
1.1086,-0.8427,-4.266,0.010718,0.002957
1.0997,-0.938,-4.2112,0.010655,0.002957
1.0947,-1.0296,-4.1728,0.010586,0.0029229
1.0839,3.7657,-5.0888,0.01051,0.0029229
1.0723,-1.2003,-4.049,0.010429,0.0029229
1.0598,-1.2787,-3.9836,0.010342,0.0029229
1.0466,-1.352,-3.9162,0.010249,0.0029229
1.0327,3.4628,-4.8235,0.010152,0.0029229
1.0182,-1.4824,-3.7763,0.01005,0.0029229
1.0031,3.3438,-4.681,0.0099442,0.0029229
0.9825,-6.4723,-2.6355,0.0098345,0.002957
0.96636,-1.6337,-3.5387,0.0097215,0.002957
0.94981,-1.6715,-3.4649,0.0096057,0.002957
0.93291,-1.7026,-3.3911,0.0094874,0.002957
0.91575,-1.7271,-3.3176,0.0093673,0.002957
0.89837,-1.7447,-3.2446,0.0092457,0.002957
0.88086,-1.7555,-3.1724,0.0091231,0.002957
0.86328,3.1235,-4.0778,0.009,0.002957
0.8457,-1.7562,-3.0316,0.0088769,0.002957
0.82331,-1.7461,-2.944,0.0087543,0.0029912
0.81081,-1.7292,-2.8974,0.0086327,0.002957
0.78877,-1.7054,-2.814,0.0085126,0.0029912
0.77187,-6.5577,-1.776,0.0083943,0.0029912
0.75532,-1.6378,-2.6937,0.0082785,0.0029912
0.73918,-6.477,-1.6613,0.0081655,0.0029912
0.72351,-1.5443,-2.5852,0.0080558,0.0029912
0.70837,-6.3712,-1.5592,0.0079498,0.0029912
0.69382,-1.4265,-2.49,0.0078479,0.0029912
0.67992,-1.3591,-2.4479,0.0077506,0.0029912
0.66673,-1.2862,-2.4097,0.0076583,0.0029912
0.65429,-1.2083,-2.3755,0.0075712,0.0029912
0.64265,-1.1257,-2.3455,0.0074898,0.0029912
0.63187,-1.0386,-2.3198,0.0074143,0.0029912
0.62199,-0.94734,-2.2985,0.0073451,0.0029912
0.61303,-0.85238,-2.2817,0.0072824,0.0029912
0.60505,-0.75407,-2.2694,0.0072265,0.0029912
0.59806,-0.65277,-2.2617,0.0071776,0.0029912
0.5921,-0.5489,-2.2586,0.0071359,0.0029912
0.5872,-0.44287,-2.2602,0.0071016,0.0029912
0.58336,-0.33509,-2.2664,0.0070747,0.0029912
0.58061,-0.22598,-2.2772,0.0070555,0.0029912
0.57895,-0.11598,-2.2926,0.0070439,0.0029912
0.5784,-0.005527,-2.3125,0.00704,0.0029912
0.57895,0.10495,-2.3368,0.0070439,0.0029912
0.58061,0.21501,-2.3654,0.0070555,0.0029912
0.58336,0.32423,-2.3983,0.0070747,0.0029912
0.5872,0.43216,-2.4352,0.0071016,0.0029912
0.5921,0.53839,-2.4761,0.0071359,0.0029912
0.59806,0.6425,-2.5207,0.0071776,0.0029912
0.60505,0.74406,-2.569,0.0072265,0.0029912
0.61303,0.8427,-2.6207,0.0072824,0.0029912
0.62199,0.938,-2.6755,0.0073451,0.0029912
0.63187,1.0296,-2.7334,0.0074143,0.0029912
0.64265,1.1171,-2.794,0.0074898,0.0029912
0.65429,1.2003,-2.8572,0.0075712,0.0029912
0.66673,1.2787,-2.9226,0.0076583,0.0029912
0.67992,1.352,-2.9901,0.0077506,0.0029912
0.69382,1.42,-3.0593,0.0078479,0.0029912
0.70837,6.3653,-4.1065,0.0079498,0.0029912
0.72351,6.4218,-4.1784,0.0080558,0.0029912
0.7343,1.5895,-3.2551,0.0081655,0.0030254
0.75044,1.6337,-3.3285,0.0082785,0.0030254
0.76699,1.6715,-3.4023,0.0083943,0.0030254
0.78388,1.7026,-3.4761,0.0085126,0.0030254
0.80105,1.7271,-3.5496,0.0086327,0.0030254
0.81842,1.7447,-3.6226,0.0087543,0.0030254
0.83105,1.7555,-3.6753,0.0088769,0.0030596
0.84863,1.7593,-3.7464,0.009,0.0030596
0.86621,1.7562,-3.8161,0.0091231,0.0030596
0.88373,6.6289,-4.8607,0.0092457,0.0030596
0.89622,1.7292,-3.9307,0.0093673,0.0030937
0.9085,1.7054,-3.9751,0.0094874,0.0031279
0.92051,1.6749,-4.017,0.0096057,0.0031621
0.93218,1.6378,-4.0563,0.0097215,0.0031963
0.94344,1.5942,-4.0926,0.0098345,0.0032305
0.95423,1.5443,-4.1258,0.0099442,0.0032646
0.9596,1.4884,-4.1361,0.01005,0.003333
0.96927,1.4265,-4.1624,0.010152,0.0033672
0.96852,-3.5237,-3.1693,0.010249,0.0034697
0.97195,1.2862,-4.145,0.010342,0.0035381
0.97462,1.2083,-4.1401,0.010429,0.0036064
0.9716,1.1257,-4.1115,0.01051,0.003709
0.97262,-3.8443,-3.1216,0.010586,0.0037773
0.98251,0.94734,-4.1195,0.010655,0.0037773
0.99634,0.85238,-4.1558,0.010718,0.0037432
1.0092,0.75407,-4.1877,0.010773,0.003709
1.026,0.65277,-4.2344,0.010822,0.0036406
1.0368,0.5489,-4.257,0.010864,0.0036064
1.0466,5.3257,-5.2515,0.010898,0.0035723
1.0553,5.2179,-5.2648,0.010925,0.0035381
1.0629,5.1088,-5.2736,0.010945,0.0035039
1.0695,0.11598,-4.3011,0.010956,0.0034697
1.0847,4.8883,-5.3164,0.01096,0.0033672
1.0939,-0.10495,-4.3546,0.010956,0.0032988
1.102,-0.21501,-4.365,0.010945,0.0032305
1.109,-0.32423,-4.3713,0.010925,0.0031621
1.1101,-0.43216,-4.3538,0.010898,0.0031279
1.11,-0.53839,-4.3325,0.010864,0.0030937
1.1041,-0.6425,-4.2879,0.010822,0.0030937
1.102,-0.74406,-4.2591,0.010773,0.0030596
1.094,-0.8427,-4.2075,0.010718,0.0030596
1.0899,-0.938,-4.1721,0.010655,0.0030254
1.08,-1.0296,-4.1142,0.010586,0.0030254
1.0693,-1.1171,-4.0536,0.01051,0.0030254
1.0576,-1.2003,-3.9905,0.010429,0.0030254
1.0501,-1.2787,-3.9446,0.010342,0.0029912
1.0369,-1.352,-3.8771,0.010249,0.0029912
1.023,-1.42,-3.8079,0.010152,0.0029912
1.0084,-1.4824,-3.7372,0.01005,0.0029912
0.99329,-1.539,-3.6654,0.0099442,0.0029912
0.9825,-1.5895,-3.6121,0.0098345,0.002957
0.96636,-1.6337,-3.5387,0.0097215,0.002957
0.94981,-1.6715,-3.4649,0.0096057,0.002957
0.93291,-1.7026,-3.3911,0.0094874,0.002957
0.92063,-1.7271,-3.3371,0.0093673,0.0029229
0.90326,-1.7447,-3.2641,0.0092457,0.0029229
0.88575,-1.7555,-3.1919,0.0091231,0.0029229
0.86816,-1.7593,-3.1208,0.009,0.0029229
0.85058,-1.7562,-3.0511,0.0088769,0.0029229
0.83307,-1.7461,-2.9831,0.0087543,0.0029229
0.8157,-1.7292,-2.917,0.0086327,0.0029229
0.79853,-1.7054,-2.853,0.0085126,0.0029229
0.78164,-1.6749,-2.7916,0.0083943,0.0029229
0.76509,-1.6378,-2.7328,0.0082785,0.0029229
0.74895,-1.5942,-2.6769,0.0081655,0.0029229
0.73327,-1.5443,-2.6242,0.0080558,0.0029229
0.71813,-1.4884,-2.5749,0.0079498,0.0029229
0.70358,-1.4265,-2.529,0.0078479,0.0029229
0.68969,-1.3591,-2.4869,0.0077506,0.0029229
0.67649,-1.2862,-2.4487,0.0076583,0.0029229
0.66405,-1.2083,-2.4145,0.0075712,0.0029229
0.65242,-1.1257,-2.3845,0.0074898,0.0029229
0.63676,-1.0386,-2.3393,0.0074143,0.002957
0.62687,-0.94734,-2.318,0.0073451,0.002957
0.61792,-0.85238,-2.3012,0.0072824,0.002957
0.60505,-5.6369,-1.2928,0.0072265,0.0029912
0.59806,-0.65277,-2.2617,0.0071776,0.0029912
0.5921,-0.5489,-2.2586,0.0071359,0.0029912
0.5872,-0.44287,-2.2602,0.0071016,0.0029912
0.58336,-0.33509,-2.2664,0.0070747,0.0029912
0.58061,-0.22598,-2.2772,0.0070555,0.0029912
0.57895,-0.11598,-2.2926,0.0070439,0.0029912
0.5784,-0.005527,-2.3125,0.00704,0.0029912
0.57895,0.10495,-2.3368,0.0070439,0.0029912
0.58061,0.21501,-2.3654,0.0070555,0.0029912
0.58336,0.32423,-2.3983,0.0070747,0.0029912
0.5872,0.43216,-2.4352,0.0071016,0.0029912
0.5921,0.53839,-2.4761,0.0071359,0.0029912
0.59806,0.6425,-2.5207,0.0071776,0.0029912
0.60505,0.74406,-2.569,0.0072265,0.0029912
0.61303,0.8427,-2.6207,0.0072824,0.0029912
0.62199,0.938,-2.6755,0.0073451,0.0029912
0.63187,1.0296,-2.7334,0.0074143,0.0029912
0.64265,1.1171,-2.794,0.0074898,0.0029912
0.65429,1.2003,-2.8572,0.0075712,0.0029912
0.66673,1.2787,-2.9226,0.0076583,0.0029912
0.67992,1.352,-2.9901,0.0077506,0.0029912
0.69382,1.42,-3.0593,0.0078479,0.0029912
0.70837,1.4824,-3.13,0.0079498,0.0029912
0.72351,1.539,-3.2018,0.0080558,0.0029912
0.73918,1.5895,-3.2746,0.0081655,0.0029912
0.75532,1.6337,-3.348,0.0082785,0.0029912
0.77187,1.6715,-3.4218,0.0083943,0.0029912
0.78877,1.7026,-3.4956,0.0085126,0.0029912
0.80105,-3.1557,-2.573,0.0086327,0.0030254
0.82331,1.7447,-3.6422,0.0087543,0.0029912
0.83593,1.7555,-3.6948,0.0088769,0.0030254
0.85352,1.7593,-3.7659,0.009,0.0030254
0.8711,1.7562,-3.8356,0.0091231,0.0030254
0.88861,1.7461,-3.9037,0.0092457,0.0030254
0.90598,1.7292,-3.9698,0.0093673,0.0030254
0.92315,1.7054,-4.0337,0.0094874,0.0030254
0.93516,1.6749,-4.0756,0.0096057,0.0030596
0.95171,1.6378,-4.1344,0.0097215,0.0030596
0.96785,1.5942,-4.1902,0.0098345,0.0030596
0.98352,1.5443,-4.243,0.0099442,0.0030596
0.99378,1.4884,-4.2728,0.01005,0.0030937
1.0034,1.4265,-4.2991,0.010152,0.0031279
1.0076,1.3591,-4.3021,0.010249,0.0031963
1.011,1.2862,-4.3013,0.010342,0.0032646
1.0088,-3.6745,-3.3003,0.010429,0.0033672
1.0107,1.1257,-4.2678,0.01051,0.0034355
1.0117,1.0386,-4.2544,0.010586,0.0035039
1.0216,0.94734,-4.2757,0.010655,0.0035039
1.0208,0.85238,-4.2535,0.010718,0.0035723
1.019,-4.1287,-3.2502,0.010773,0.0036406
1.0162,0.65277,-4.1953,0.010822,0.003709
1.0075,0.5489,-4.1398,0.010864,0.0038115
0.99288,0.44287,-4.0601,0.010898,0.0039482
0.97719,0.33509,-3.9758,0.010925,0.004085
0.96041,-4.6568,-2.9103,0.010945,0.0042217
0.9523,0.11598,-3.8324,0.010956,0.00429
0.95773,0.005527,-3.832,0.01096,0.0042559
0.97671,4.7779,-4.8624,0.010956,0.0041191
0.99947,4.6678,-4.9314,0.010945,0.0039482
1.026,4.5586,-5.0158,0.010925,0.0037432
1.0466,4.4507,-5.0765,0.010898,0.0035723
1.0661,4.3444,-5.1333,0.010864,0.0034014
1.0699,-0.6425,-4.1511,0.010822,0.003333
1.0776,4.1387,-5.138,0.010773,0.0032305
1.0745,-0.8427,-4.1293,0.010718,0.0031963
1.0753,-0.938,-4.1135,0.010655,0.0031279
1.0703,3.8532,-5.0517,0.010586,0.0030937
1.0595,-6,-3.038,0.01051,0.0030937
1.0527,-1.2003,-3.9709,0.010429,0.0030596
1.0403,-6.1615,-2.9289,0.010342,0.0030596
1.0271,-6.2348,-2.8615,0.010249,0.0030596
1.0181,-1.42,-3.7884,0.010152,0.0030254
1.0035,-1.4824,-3.7177,0.01005,0.0030254
0.98841,-6.4218,-2.6693,0.0099442,0.0030254
0.97273,-1.5895,-3.573,0.0098345,0.0030254
0.95659,-6.5165,-2.5231,0.0097215,0.0030254
0.94004,-1.6715,-3.4259,0.0096057,0.0030254
0.92803,-1.7026,-3.3716,0.0094874,0.0029912
0.90598,-1.7271,-3.2785,0.0093673,0.0030254
0.89349,-1.7447,-3.225,0.0092457,0.0029912
0.8711,-1.7555,-3.1333,0.0091231,0.0030254
0.8584,-1.7593,-3.0817,0.009,0.0029912
0.83593,-1.7562,-2.9925,0.0088769,0.0030254
0.82331,-1.7461,-2.944,0.0087543,0.0029912
0.80105,-1.7292,-2.8584,0.0086327,0.0030254
0.78877,3.1774,-3.7905,0.0085126,0.0029912
0.76699,-1.6749,-2.733,0.0083943,0.0030254
0.75532,-1.6378,-2.6937,0.0082785,0.0029912
0.7343,-1.5942,-2.6184,0.0081655,0.0030254
0.71862,-1.5443,-2.5656,0.0080558,0.0030254
0.70348,-1.4884,-2.5163,0.0079498,0.0030254
0.68894,-1.4265,-2.4704,0.0078479,0.0030254
0.67015,-1.3591,-2.4088,0.0077506,0.0030596
0.65696,-6.1691,-1.394,0.0076583,0.0030596
0.64452,-1.2083,-2.3364,0.0075712,0.0030596
0.63289,-1.1257,-2.3064,0.0074898,0.0030596
0.62211,3.8443,-3.2573,0.0074143,0.0030596
0.61222,-0.94734,-2.2594,0.0073451,0.0030596
0.59838,-0.85238,-2.2231,0.0072824,0.0030937
0.59528,-0.75407,-2.2303,0.0072265,0.0030596
0.5883,4.23,-3.1992,0.0071776,0.0030596
0.58234,-0.5489,-2.2196,0.0071359,0.0030596
0.57743,-0.44287,-2.2211,0.0071016,0.0030596
0.57359,-0.33509,-2.2274,0.0070747,0.0030596
0.57084,-0.22598,-2.2382,0.0070555,0.0030596
0.56919,-0.11598,-2.2535,0.0070439,0.0030596
0.56863,-0.005527,-2.2734,0.00704,0.0030596
0.57407,0.10495,-2.3173,0.0070439,0.0030254
0.57572,0.21501,-2.3459,0.0070555,0.0030254
0.57848,0.32423,-2.3787,0.0070747,0.0030254
0.5872,0.43216,-2.4352,0.0071016,0.0029912
0.59699,0.53839,-2.4956,0.0071359,0.002957
0.60294,0.6425,-2.5403,0.0071776,0.002957
0.60993,0.74406,-2.5885,0.0072265,0.002957
0.6228,0.8427,-2.6597,0.0072824,0.0029229
0.64152,0.938,-2.7537,0.0073451,0.0028545
0.65629,1.0296,-2.8311,0.0074143,0.0028203
0.67195,1.1171,-2.9112,0.0074898,0.0027861
0.68847,1.2003,-2.9939,0.0075712,0.002752
0.70579,1.2787,-3.0789,0.0076583,0.0027178
0.72387,1.352,-3.1659,0.0077506,0.0026836
0.74265,1.42,-3.2546,0.0078479,0.0026494
0.7572,1.4824,-3.3253,0.0079498,0.0026494
0.77234,1.539,-3.3971,0.0080558,0.0026494
0.78801,1.5895,-3.4699,0.0081655,0.0026494
0.80415,1.6337,-3.5433,0.0082785,0.0026494
0.8207,1.6715,-3.6171,0.0083943,0.0026494
0.83759,1.7026,-3.6909,0.0085126,0.0026494
0.85476,1.7271,-3.7645,0.0086327,0.0026494
0.87213,1.7447,-3.8375,0.0087543,0.0026494
0.88965,1.7555,-3.9097,0.0088769,0.0026494
0.90723,1.7593,-3.9808,0.009,0.0026494
0.92481,1.7562,-4.0505,0.0091231,0.0026494
0.94232,1.7461,-4.1185,0.0092457,0.0026494
0.95969,1.7292,-4.1846,0.0093673,0.0026494
0.97686,1.7054,-4.2485,0.0094874,0.0026494
0.99375,1.6749,-4.31,0.0096057,0.0026494
1.0103,1.6378,-4.3688,0.0097215,0.0026494
1.0264,1.5942,-4.4246,0.0098345,0.0026494
1.0421,1.5443,-4.4773,0.0099442,0.0026494
1.0573,1.4884,-4.5267,0.01005,0.0026494
1.0718,6.3093,-5.5491,0.010152,0.0026494
1.0808,-3.5237,-3.6185,0.010249,0.0026836
1.094,1.2862,-4.6333,0.010342,0.0026836
1.1065,1.2083,-4.6675,0.010429,0.0026836
1.1181,1.1257,-4.6975,0.01051,0.0026836
1.1289,1.0386,-4.7232,0.010586,0.0026836
1.1388,0.94734,-4.7445,0.010655,0.0026836
1.1477,5.7352,-5.7379,0.010718,0.0026836
1.1508,0.75407,-4.7541,0.010773,0.0027178
1.1578,0.65277,-4.7617,0.010822,0.0027178
1.1589,0.5489,-4.7453,0.010864,0.002752
1.1638,0.44287,-4.7437,0.010898,0.002752
1.1676,0.33509,-4.7375,0.010925,0.002752
1.1655,0.22598,-4.7071,0.010945,0.0027861
1.1671,0.11598,-4.6918,0.010956,0.0027861
1.1628,-4.8773,-3.6758,0.01096,0.0028203
1.1623,-0.10495,-4.628,0.010956,0.0028203
1.1606,-0.21501,-4.5994,0.010945,0.0028203
1.1579,4.5586,-5.5431,0.010925,0.0028203
1.1491,-0.43216,-4.5101,0.010898,0.0028545
1.1442,4.3444,-5.4458,0.010864,0.0028545
1.1334,-0.6425,-4.405,0.010822,0.0028887
1.1264,-0.74406,-4.3568,0.010773,0.0028887
1.1184,-0.8427,-4.3051,0.010718,0.0028887
1.1095,-0.938,-4.2502,0.010655,0.0028887
1.0947,-1.0296,-4.1728,0.010586,0.0029229
1.0839,-1.1171,-4.1122,0.01051,0.0029229
1.0723,-1.2003,-4.049,0.010429,0.0029229
1.0598,-1.2787,-3.9836,0.010342,0.0029229
1.0466,-1.352,-3.9162,0.010249,0.0029229
1.0327,-1.42,-3.847,0.010152,0.0029229
1.0182,-1.4824,-3.7763,0.01005,0.0029229
1.0031,-1.539,-3.7044,0.0099442,0.0029229
0.98738,-1.5895,-3.6316,0.0098345,0.0029229
0.97124,-1.6337,-3.5582,0.0097215,0.0029229
0.95469,-1.6715,-3.4845,0.0096057,0.0029229
0.9378,-1.7026,-3.4107,0.0094874,0.0029229
0.92063,3.1557,-4.3137,0.0093673,0.0029229
0.90326,3.1381,-4.2406,0.0092457,0.0029229
0.88575,3.1274,-4.1685,0.0091231,0.0029229
0.86816,3.1235,-4.0974,0.009,0.0029229
0.8457,-1.7562,-3.0316,0.0088769,0.002957
0.82819,-1.7461,-2.9635,0.0087543,0.002957
0.81081,-1.7292,-2.8974,0.0086327,0.002957
0.79365,-1.7054,-2.8335,0.0085126,0.002957
0.77676,-1.6749,-2.772,0.0083943,0.002957
0.76021,-1.6378,-2.7133,0.0082785,0.002957
0.74406,-1.5942,-2.6574,0.0081655,0.002957
0.72839,-1.5443,-2.6047,0.0080558,0.002957
0.71325,-1.4884,-2.5553,0.0079498,0.002957
0.6987,-1.4265,-2.5095,0.0078479,0.002957
0.6848,-1.3591,-2.4674,0.0077506,0.002957
0.67161,-1.2862,-2.4292,0.0076583,0.002957
0.65917,-1.2083,-2.395,0.0075712,0.002957
0.64754,-6.0085,-1.3885,0.0074898,0.002957
0.63676,-5.9214,-1.3628,0.0074143,0.002957
0.63175,-0.94734,-2.3375,0.0073451,0.0029229
0.6228,4.0304,-3.2973,0.0072824,0.0029229
0.61481,-0.75407,-2.3084,0.0072265,0.0029229
0.60783,4.23,-3.2773,0.0071776,0.0029229
0.60187,-0.5489,-2.2977,0.0071359,0.0029229
0.59208,-5.3257,-1.3032,0.0071016,0.002957
0.58824,-5.2179,-1.3094,0.0070747,0.002957
0.58549,-0.22598,-2.2968,0.0070555,0.002957
0.58383,-0.11598,-2.3121,0.0070439,0.002957
0.58328,-0.005527,-2.332,0.00704,0.002957
0.58383,0.10495,-2.3563,0.0070439,0.002957
0.58549,0.21501,-2.385,0.0070555,0.002957
0.58824,0.32423,-2.4178,0.0070747,0.002957
0.59208,0.43216,-2.4547,0.0071016,0.002957
0.59699,0.53839,-2.4956,0.0071359,0.002957
0.60294,0.6425,-2.5403,0.0071776,0.002957
0.60505,-4.1387,-1.5924,0.0072265,0.0029912
0.61303,0.8427,-2.6207,0.0072824,0.0029912
0.62199,0.938,-2.6755,0.0073451,0.0029912
0.63187,1.0296,-2.7334,0.0074143,0.0029912
0.64265,1.1171,-2.794,0.0074898,0.0029912
0.65429,1.2003,-2.8572,0.0075712,0.0029912
0.66673,1.2787,-2.9226,0.0076583,0.0029912
0.67992,6.2348,-3.9666,0.0077506,0.0029912
0.68894,-3.4628,-2.0632,0.0078479,0.0030254
0.70348,1.4824,-3.1104,0.0079498,0.0030254
0.71862,1.539,-3.1823,0.0080558,0.0030254
0.7343,1.5895,-3.2551,0.0081655,0.0030254
0.75044,1.6337,-3.3285,0.0082785,0.0030254
0.76699,1.6715,-3.4023,0.0083943,0.0030254
0.78388,1.7026,-3.4761,0.0085126,0.0030254
0.80105,1.7271,-3.5496,0.0086327,0.0030254
0.81842,1.7447,-3.6226,0.0087543,0.0030254
0.83593,1.7555,-3.6948,0.0088769,0.0030254
0.85352,1.7593,-3.7659,0.009,0.0030254
0.8711,1.7562,-3.8356,0.0091231,0.0030254
0.88373,-3.1367,-2.9076,0.0092457,0.0030596
0.9011,1.7292,-3.9502,0.0093673,0.0030596
0.91827,1.7054,-4.0141,0.0094874,0.0030596
0.93516,1.6749,-4.0756,0.0096057,0.0030596
0.94682,-3.245,-3.1383,0.0097215,0.0030937
0.96297,1.5942,-4.1707,0.0098345,0.0030937
0.97864,1.5443,-4.2234,0.0099442,0.0030937
0.99378,1.4884,-4.2728,0.01005,0.0030937
1.0083,1.4265,-4.3186,0.010152,0.0030937
1.0222,1.3591,-4.3607,0.010249,0.0030937
1.0354,1.2862,-4.3989,0.010342,0.0030937
1.0479,1.2083,-4.4331,0.010429,0.0030937
1.0595,-3.7571,-3.4865,0.01051,0.0030937
1.0752,5.9214,-5.4849,0.010586,0.0030596
1.0802,0.94734,-4.5101,0.010655,0.0030937
1.094,0.85238,-4.5465,0.010718,0.0030596
1.0971,-4.1287,-3.5627,0.010773,0.0030937
1.109,0.65277,-4.5664,0.010822,0.0030596
1.1149,0.5489,-4.5695,0.010864,0.0030596
1.1198,0.44287,-4.5679,0.010898,0.0030596
1.1237,0.33509,-4.5617,0.010925,0.0030596
1.1313,0.22598,-4.5704,0.010945,0.0030254
1.133,0.11598,-4.555,0.010956,0.0030254
1.1335,0.005527,-4.5352,0.01096,0.0030254
1.133,-0.10495,-4.5109,0.010956,0.0030254
1.1313,-0.21501,-4.4822,0.010945,0.0030254
1.1286,-0.32423,-4.4494,0.010925,0.0030254
1.1247,-0.43216,-4.4124,0.010898,0.0030254
1.1198,-0.53839,-4.3716,0.010864,0.0030254
1.1139,-0.6425,-4.3269,0.010822,0.0030254
1.1069,-0.74406,-4.2787,0.010773,0.0030254
1.0989,-0.8427,-4.227,0.010718,0.0030254
1.0899,-0.938,-4.1721,0.010655,0.0030254
1.08,-1.0296,-4.1142,0.010586,0.0030254
1.0693,-1.1171,-4.0536,0.01051,0.0030254
1.0576,-1.2003,-3.9905,0.010429,0.0030254
1.0452,-1.2787,-3.925,0.010342,0.0030254
1.032,-1.352,-3.8576,0.010249,0.0030254
1.0181,-1.42,-3.7884,0.010152,0.0030254
1.0035,-1.4824,-3.7177,0.01005,0.0030254
0.98841,-1.539,-3.6458,0.0099442,0.0030254
0.97762,-1.5895,-3.5926,0.0098345,0.0029912
0.95659,-1.6337,-3.4996,0.0097215,0.0030254
0.94492,-1.6715,-3.4454,0.0096057,0.0029912
0.92803,-1.7026,-3.3716,0.0094874,0.0029912
0.91087,-1.7271,-3.298,0.0093673,0.0029912
0.89349,-1.7447,-3.225,0.0092457,0.0029912
0.88086,3.1274,-4.1489,0.0091231,0.002957
0.8584,-6.6421,-2.1052,0.009,0.0029912
0.8457,-1.7562,-3.0316,0.0088769,0.002957
0.82819,-1.7461,-2.9635,0.0087543,0.002957
0.81081,-1.7292,-2.8974,0.0086327,0.002957
0.79365,-1.7054,-2.8335,0.0085126,0.002957
0.77676,-1.6749,-2.772,0.0083943,0.002957
0.76021,-1.6378,-2.7133,0.0082785,0.002957
0.74406,-1.5942,-2.6574,0.0081655,0.002957
0.72839,-1.5443,-2.6047,0.0080558,0.002957
0.71325,-1.4884,-2.5553,0.0079498,0.002957
0.6987,-1.4265,-2.5095,0.0078479,0.002957
0.68969,-1.3591,-2.4869,0.0077506,0.0029229
0.67161,-1.2862,-2.4292,0.0076583,0.002957
0.66405,-1.2083,-2.4145,0.0075712,0.0029229
0.65242,-1.1257,-2.3845,0.0074898,0.0029229
0.64164,-5.9214,-1.3823,0.0074143,0.0029229
0.63175,-0.94734,-2.3375,0.0073451,0.0029229
0.62768,-0.85238,-2.3402,0.0072824,0.0028887
0.6197,-0.75407,-2.328,0.0072265,0.0028887
0.61271,-0.65277,-2.3203,0.0071776,0.0028887
0.60675,-0.5489,-2.3172,0.0071359,0.0028887
0.60673,-0.44287,-2.3383,0.0071016,0.0028545
0.60289,-0.33509,-2.3445,0.0070747,0.0028545
0.60014,-0.22598,-2.3554,0.0070555,0.0028545
0.59848,-0.11598,-2.3707,0.0070439,0.0028545
0.59793,-0.005527,-2.3906,0.00704,0.0028545
0.59848,0.10495,-2.4149,0.0070439,0.0028545
0.60502,5.0978,-3.4396,0.0070555,0.0028203
0.60289,0.32423,-2.4764,0.0070747,0.0028545
0.61161,0.43216,-2.5329,0.0071016,0.0028203
0.61163,0.53839,-2.5542,0.0071359,0.0028545
0.61759,-4.2403,-1.6223,0.0071776,0.0028545
0.62458,0.74406,-2.6471,0.0072265,0.0028545
0.63745,0.8427,-2.7183,0.0072824,0.0028203
0.64152,0.938,-2.7537,0.0073451,0.0028545
0.6514,1.0296,-2.8115,0.0074143,0.0028545
0.66219,1.1171,-2.8722,0.0074898,0.0028545
0.67382,1.2003,-2.9353,0.0075712,0.0028545
0.68626,1.2787,-3.0008,0.0076583,0.0028545
0.69945,1.352,-3.0682,0.0077506,0.0028545
0.71335,1.42,-3.1374,0.0078479,0.0028545
0.7279,1.4824,-3.2081,0.0079498,0.0028545
0.74304,1.539,-3.28,0.0080558,0.0028545
0.75871,1.5895,-3.3527,0.0081655,0.0028545
0.77485,6.5165,-4.4027,0.0082785,0.0028545
0.7914,1.6715,-3.4999,0.0083943,0.0028545
0.8083,6.5854,-4.5503,0.0085126,0.0028545
0.82058,-3.1557,-2.6512,0.0086327,0.0028887
0.83795,1.7447,-3.7008,0.0087543,0.0028887
0.85547,1.7555,-3.773,0.0088769,0.0028887
0.87305,1.7593,-3.844,0.009,0.0028887
0.88575,-3.1267,-2.9177,0.0091231,0.0029229
0.90326,1.7461,-3.9622,0.0092457,0.0029229
0.92063,1.7292,-4.0284,0.0093673,0.0029229
0.93291,1.7054,-4.0727,0.0094874,0.002957
0.94981,1.6749,-4.1342,0.0096057,0.002957
0.96636,1.6378,-4.193,0.0097215,0.002957
0.9825,1.5942,-4.2488,0.0098345,0.002957
0.99817,1.5443,-4.3016,0.0099442,0.002957
1.0133,1.4884,-4.3509,0.01005,0.002957
1.0279,1.4265,-4.3968,0.010152,0.002957
1.0418,1.3591,-4.4389,0.010249,0.002957
1.055,1.2862,-4.4771,0.010342,0.002957
1.0674,1.2083,-4.5112,0.010429,0.002957
1.0839,1.1257,-4.5608,0.01051,0.0029229
1.0947,1.0386,-4.5865,0.010586,0.0029229
1.1095,0.94734,-4.6273,0.010655,0.0028887
1.1184,0.85238,-4.6441,0.010718,0.0028887
1.1313,0.75407,-4.6759,0.010773,0.0028545
1.1383,0.65277,-4.6836,0.010822,0.0028545
1.1442,0.5489,-4.6867,0.010864,0.0028545
1.1491,0.44287,-4.6851,0.010898,0.0028545
1.153,0.33509,-4.6789,0.010925,0.0028545
1.1606,5.1088,-5.6642,0.010945,0.0028203
1.1623,0.11598,-4.6722,0.010956,0.0028203
1.1628,0.005527,-4.6524,0.01096,0.0028203
1.1623,-0.10495,-4.628,0.010956,0.0028203
1.1606,-0.21501,-4.5994,0.010945,0.0028203
1.1579,-0.32423,-4.5666,0.010925,0.0028203
1.154,4.4507,-5.5062,0.010898,0.0028203
1.1442,-0.53839,-4.4692,0.010864,0.0028545
1.1383,-5.5253,-3.448,0.010822,0.0028545
1.1313,-0.74406,-4.3763,0.010773,0.0028545
1.1233,-0.8427,-4.3246,0.010718,0.0028545
1.1143,-0.938,-4.2698,0.010655,0.0028545
1.1045,-1.0296,-4.2119,0.010586,0.0028545
1.0888,-1.1171,-4.1317,0.01051,0.0028887
1.0772,-1.2003,-4.0686,0.010429,0.0028887
1.0647,-1.2787,-4.0031,0.010342,0.0028887
1.0515,-1.352,-3.9357,0.010249,0.0028887
1.0376,-1.42,-3.8665,0.010152,0.0028887
1.0231,-1.4824,-3.7958,0.01005,0.0028887
1.0079,-1.539,-3.724,0.0099442,0.0028887
0.99227,-1.5895,-3.6512,0.0098345,0.0028887
0.97612,-1.6337,-3.5777,0.0097215,0.0028887
0.95957,-1.6715,-3.504,0.0096057,0.0028887
0.94268,-1.7026,-3.4302,0.0094874,0.0028887
0.92551,-1.7271,-3.3566,0.0093673,0.0028887
0.91302,-1.7447,-3.3031,0.0092457,0.0028545
0.89551,-1.7555,-3.231,0.0091231,0.0028545
0.87793,-1.7593,-3.1599,0.009,0.0028545
0.86035,-1.7562,-3.0902,0.0088769,0.0028545
0.83795,-1.7461,-3.0026,0.0087543,0.0028887
0.82058,-1.7292,-2.9365,0.0086327,0.0028887
0.80341,-1.7054,-2.8726,0.0085126,0.0028887
0.78164,-1.6749,-2.7916,0.0083943,0.0029229
0.76509,-1.6378,-2.7328,0.0082785,0.0029229
0.74895,3.2886,-3.6535,0.0081655,0.0029229
0.72839,-1.5443,-2.6047,0.0080558,0.002957
0.71325,-1.4884,-2.5553,0.0079498,0.002957
0.6987,-1.4265,-2.5095,0.0078479,0.002957
0.6848,-1.3591,-2.4674,0.0077506,0.002957
0.67161,-1.2862,-2.4292,0.0076583,0.002957
0.65917,-1.2083,-2.395,0.0075712,0.002957
0.64754,-1.1257,-2.365,0.0074898,0.002957
0.63676,-1.0386,-2.3393,0.0074143,0.002957
0.62687,-0.94734,-2.318,0.0073451,0.002957
0.61792,4.0304,-3.2777,0.0072824,0.002957
0.60505,-0.75407,-2.2694,0.0072265,0.0029912
0.59806,-0.65277,-2.2617,0.0071776,0.0029912
0.5921,-0.5489,-2.2586,0.0071359,0.0029912
0.5872,-0.44287,-2.2602,0.0071016,0.0029912
0.58336,-0.33509,-2.2664,0.0070747,0.0029912
0.58061,-0.22598,-2.2772,0.0070555,0.0029912
0.57895,-0.11598,-2.2926,0.0070439,0.0029912
0.5784,-0.005527,-2.3125,0.00704,0.0029912
0.57895,4.9878,-3.3134,0.0070439,0.0029912
0.57572,0.21501,-2.3459,0.0070555,0.0030254
0.57848,0.32423,-2.3787,0.0070747,0.0030254
0.58231,0.43216,-2.4157,0.0071016,0.0030254
0.58722,0.53839,-2.4566,0.0071359,0.0030254
0.59318,0.6425,-2.5012,0.0071776,0.0030254
0.60016,0.74406,-2.5495,0.0072265,0.0030254
0.60815,0.8427,-2.6011,0.0072824,0.0030254
0.6171,0.938,-2.656,0.0073451,0.0030254
0.62699,1.0296,-2.7139,0.0074143,0.0030254
0.63777,1.1171,-2.7745,0.0074898,0.0030254
0.6494,1.2003,-2.8377,0.0075712,0.0030254
0.66184,1.2787,-2.9031,0.0076583,0.0030254
0.67504,1.352,-2.9706,0.0077506,0.0030254
0.68894,1.42,-3.0398,0.0078479,0.0030254
0.70348,1.4824,-3.1104,0.0079498,0.0030254
0.71862,1.539,-3.1823,0.0080558,0.0030254
0.7343,1.5895,-3.2551,0.0081655,0.0030254
0.75044,1.6337,-3.3285,0.0082785,0.0030254
0.76699,1.6715,-3.4023,0.0083943,0.0030254
0.78388,1.7026,-3.4761,0.0085126,0.0030254
0.80105,1.7271,-3.5496,0.0086327,0.0030254
0.81842,1.7447,-3.6226,0.0087543,0.0030254
0.83593,1.7555,-3.6948,0.0088769,0.0030254
0.84863,1.7593,-3.7464,0.009,0.0030596
0.86621,1.7562,-3.8161,0.0091231,0.0030596
0.88373,1.7461,-3.8841,0.0092457,0.0030596
0.9011,1.7292,-3.9502,0.0093673,0.0030596
0.91338,1.7054,-3.9946,0.0094874,0.0030937
0.92539,1.6749,-4.0365,0.0096057,0.0031279
0.93218,1.6378,-4.0563,0.0097215,0.0031963
0.93855,1.5942,-4.0731,0.0098345,0.0032646
0.94446,1.5443,-4.0867,0.0099442,0.003333
0.94984,1.4884,-4.097,0.01005,0.0034014
0.94485,-3.4563,-3.0882,0.010152,0.0035381
0.93922,-3.5237,-3.0521,0.010249,0.0036748
0.93777,1.2862,-4.0083,0.010342,0.0037773
0.93067,-3.6745,-2.9878,0.010429,0.0039141
0.92277,1.1257,-3.9162,0.01051,0.0040508
0.90426,-3.8443,-2.8482,0.010586,0.0042559
0.87997,-3.9355,-2.7328,0.010655,0.0044951
0.85474,-4.0304,-2.6129,0.010718,0.0047344
0.82366,-4.1287,-2.4689,0.010773,0.0050078
0.79159,-4.23,-2.3203,0.010822,0.0052812
0.7536,-4.3339,-2.1476,0.010864,0.0055889
0.71945,-4.4399,-1.9898,0.010898,0.0058623
0.6891,0.33509,-2.8234,0.010925,0.0061016
0.66256,0.22598,-2.6954,0.010945,0.0063066
0.64468,0.11598,-2.6019,0.010956,0.0064434
0.63059,0.005527,-2.5234,0.01096,0.0065459
0.63003,4.7779,-3.4757,0.010956,0.0065459
0.63326,-0.21501,-2.49,0.010945,0.0065117
0.64516,-0.32423,-2.5158,0.010925,0.0064092
0.66085,-0.43216,-2.557,0.010898,0.0062725
0.68036,-0.53839,-2.6138,0.010864,0.0061016
0.69881,-0.6425,-2.6668,0.010822,0.0059307
0.72113,-0.74406,-2.7357,0.010773,0.0057256
0.73755,-0.8427,-2.7817,0.010718,0.0055547
0.7579,3.9448,-3.8205,0.010655,0.0053496
0.77242,3.8532,-3.8603,0.010586,0.0051787
0.78606,3.7657,-3.8974,0.01051,0.0050078
0.80372,3.6825,-3.9514,0.010429,0.0048027
0.82058,3.6041,-4.0031,0.010342,0.0045977
0.83668,-1.352,-3.0763,0.010249,0.0043926
0.85208,-1.42,-3.1243,0.010152,0.0041875
0.86195,-1.4824,-3.1513,0.01005,0.0040166
0.86634,-1.539,-3.1575,0.0099442,0.0038799
0.86043,-1.5895,-3.1238,0.0098345,0.0038115
0.85405,-1.6337,-3.0895,0.0097215,0.0037432
0.84238,-1.6715,-3.0352,0.0096057,0.003709
0.83038,-1.7026,-2.981,0.0094874,0.0036748
0.81321,-1.7271,-2.9074,0.0093673,0.0036748
0.79584,-1.7447,-2.8344,0.0092457,0.0036748
0.77832,-1.7555,-2.7622,0.0091231,0.0036748
0.76563,-1.7593,-2.7106,0.009,0.0036406
0.74804,-1.7562,-2.6409,0.0088769,0.0036406
0.73053,-1.7461,-2.5729,0.0087543,0.0036406
0.71804,-1.7292,-2.5263,0.0086327,0.0036064
0.71064,-1.7054,-2.5015,0.0085126,0.0035381
0.70351,-1.6749,-2.4791,0.0083943,0.0034697
0.69673,-1.6378,-2.4594,0.0082785,0.0034014
0.68059,-1.5942,-2.4035,0.0081655,0.0034014
0.6698,-1.5443,-2.3703,0.0080558,0.0033672
0.65466,-1.4884,-2.3209,0.0079498,0.0033672
0.64499,-1.4265,-2.2947,0.0078479,0.003333
0.63597,-1.3591,-2.2721,0.0077506,0.0032988
0.63255,-1.2862,-2.2729,0.0076583,0.0032305
0.62011,-1.2083,-2.2388,0.0075712,0.0032305
0.61336,-1.1257,-2.2283,0.0074898,0.0031963
0.60746,-1.0386,-2.2221,0.0074143,0.0031621
0.60246,-0.94734,-2.2204,0.0073451,0.0031279
0.5935,-0.85238,-2.2035,0.0072824,0.0031279
0.5904,-0.75407,-2.2108,0.0072265,0.0030937
0.57853,-5.5356,-1.207,0.0071776,0.0031279
0.57745,-0.5489,-2.2,0.0071359,0.0030937
0.57255,4.4399,-3.1782,0.0071016,0.0030937
0.56871,-0.33509,-2.2078,0.0070747,0.0030937
0.56596,-0.22598,-2.2186,0.0070555,0.0030937
0.5643,-0.11598,-2.234,0.0070439,0.0030937
0.55887,-0.005527,-2.2344,0.00704,0.0031279
0.55454,0.10495,-2.2391,0.0070439,0.0031621
0.54643,-4.6678,-1.2521,0.0070555,0.0032305
0.54918,0.32423,-2.2616,0.0070747,0.0032305
0.54325,-4.4507,-1.2829,0.0071016,0.0032988
0.54816,0.53839,-2.3003,0.0071359,0.0032988
0.54435,0.6425,-2.3059,0.0071776,0.0033672
0.54645,0.74406,-2.3346,0.0072265,0.0034014
0.54956,0.8427,-2.3668,0.0072824,0.0034355
0.55363,0.938,-2.4021,0.0073451,0.0034697
0.55375,1.0296,-2.4209,0.0074143,0.0035381
0.55965,1.1171,-2.462,0.0074898,0.0035723
0.55663,-3.6825,-1.49,0.0075712,0.0036748
0.5593,1.2787,-2.4929,0.0076583,0.0037432
0.52855,-8.4136,-0.43149,0.0077506,0.0040508
0.35202,-32.76,5.1438,0.0078479,0.0053838
0.083367,128.44,-26.021,0.0079498,0.0073662
0.53308,25.953,-7.3229,0.0080558,0.0043242
0.67082,11.355,-4.9543,0.0081655,0.0034697
0.75044,1.6337,-3.3285,0.0082785,0.0030254
0.78652,1.6715,-3.4804,0.0083943,0.0028887
0.81318,1.7026,-3.5932,0.0085126,0.0028203
0.84011,1.7271,-3.7059,0.0086327,0.002752
0.86237,1.7447,-3.7984,0.0087543,0.0027178
0.875,1.7555,-3.8511,0.0088769,0.002752
0.89746,1.7593,-3.9417,0.009,0.0027178
0.91016,1.7562,-3.9919,0.0091231,0.002752
0.93255,1.7461,-4.0794,0.0092457,0.0027178
0.94993,1.7292,-4.1455,0.0093673,0.0027178
0.96709,1.7054,-4.2095,0.0094874,0.0027178
0.98399,1.6749,-4.2709,0.0096057,0.0027178
1.0005,1.6378,-4.3297,0.0097215,0.0027178
1.0167,1.5942,-4.3856,0.0098345,0.0027178
1.0324,1.5443,-4.4383,0.0099442,0.0027178
1.0475,1.4884,-4.4876,0.01005,0.0027178
1.062,1.4265,-4.5335,0.010152,0.0027178
1.0759,1.3591,-4.5756,0.010249,0.0027178
1.0891,1.2862,-4.6138,0.010342,0.0027178
1.1016,1.2083,-4.648,0.010429,0.0027178
1.1132,1.1257,-4.678,0.01051,0.0027178
1.124,1.0386,-4.7037,0.010586,0.0027178
1.1339,-3.9355,-3.7484,0.010655,0.0027178
1.1428,0.85238,-4.7418,0.010718,0.0027178
1.1557,0.75407,-4.7736,0.010773,0.0026836
1.1578,0.65277,-4.7617,0.010822,0.0027178
1.1686,0.5489,-4.7843,0.010864,0.0026836
1.1735,0.44287,-4.7828,0.010898,0.0026836
1.1774,0.33509,-4.7766,0.010925,0.0026836
1.1801,0.22598,-4.7657,0.010945,0.0026836
1.1818,0.11598,-4.7504,0.010956,0.0026836
1.1823,0.005527,-4.7305,0.01096,0.0026836
1.1818,-0.10495,-4.7062,0.010956,0.0026836
1.1801,4.6678,-5.6541,0.010945,0.0026836
1.1774,-0.32423,-4.6447,0.010925,0.0026836
1.1687,-0.43216,-4.5882,0.010898,0.0027178
1.1686,-0.53839,-4.5669,0.010864,0.0026836
1.1578,-5.5253,-3.5261,0.010822,0.0027178
1.1557,-0.74406,-4.474,0.010773,0.0026836
1.1477,-0.8427,-4.4223,0.010718,0.0026836
1.1388,-0.938,-4.3674,0.010655,0.0026836
1.1289,-1.0296,-4.3096,0.010586,0.0026836
1.1181,-1.1171,-4.2489,0.01051,0.0026836
1.1065,-1.2003,-4.1858,0.010429,0.0026836
1.0989,-1.2787,-4.1399,0.010342,0.0026494
1.0857,-1.352,-4.0724,0.010249,0.0026494
1.0718,-1.42,-4.0032,0.010152,0.0026494
1.0573,-1.4824,-3.9325,0.01005,0.0026494
1.047,-1.539,-3.8802,0.0099442,0.0026152
1.0313,-1.5895,-3.8074,0.0098345,0.0026152
1.0152,-1.6337,-3.734,0.0097215,0.0026152
0.99863,-1.6715,-3.6602,0.0096057,0.0026152
0.98174,-1.7026,-3.5864,0.0094874,0.0026152
0.96458,-1.7271,-3.5129,0.0093673,0.0026152
0.9472,-1.7447,-3.4399,0.0092457,0.0026152
0.92969,-1.7555,-3.3677,0.0091231,0.0026152
0.91211,-1.7593,-3.2966,0.009,0.0026152
0.88965,-6.639,-2.2308,0.0088769,0.0026494
0.87213,-1.7461,-3.1393,0.0087543,0.0026494
0.85476,-1.7292,-3.0732,0.0086327,0.0026494
0.83759,-1.7054,-3.0093,0.0085126,0.0026494
0.8207,-1.6749,-2.9478,0.0083943,0.0026494
0.80903,-1.6378,-2.9086,0.0082785,0.0026152
0.78801,-1.5942,-2.8332,0.0081655,0.0026494
0.77722,-1.5443,-2.8,0.0080558,0.0026152
0.7572,-6.3712,-1.7545,0.0079498,0.0026494
0.74753,-1.4265,-2.7048,0.0078479,0.0026152
0.72875,-1.3591,-2.6432,0.0077506,0.0026494
0.71555,-1.2862,-2.605,0.0076583,0.0026494
0.70312,-1.2083,-2.5708,0.0075712,0.0026494
0.69148,-1.1257,-2.5408,0.0074898,0.0026494
0.6807,-1.0386,-2.5151,0.0074143,0.0026494
0.67081,-0.94734,-2.4938,0.0073451,0.0026494
0.66186,-0.85238,-2.477,0.0072824,0.0026494
0.65876,4.1287,-3.4608,0.0072265,0.0026152
0.65177,4.23,-3.4531,0.0071776,0.0026152
0.64581,-0.5489,-2.4735,0.0071359,0.0026152
0.64091,-0.44287,-2.4751,0.0071016,0.0026152
0.63707,-0.33509,-2.4813,0.0070747,0.0026152
0.62455,-5.1088,-1.4764,0.0070555,0.0026836
0.61313,-0.11598,-2.4293,0.0070439,0.002752
0.60281,-0.005527,-2.4101,0.00704,0.0028203
0.5936,0.10495,-2.3954,0.0070439,0.0028887
0.58549,0.21501,-2.385,0.0070555,0.002957
0.57848,0.32423,-2.3787,0.0070747,0.0030254
0.57255,0.43216,-2.3766,0.0071016,0.0030937
0.56769,0.53839,-2.3784,0.0071359,0.0031621
0.56388,0.6425,-2.384,0.0071776,0.0032305
0.5611,-4.1387,-1.4167,0.0072265,0.0032988
0.56909,0.8427,-2.4449,0.0072824,0.0032988
0.57804,0.938,-2.4998,0.0073451,0.0032988
0.58305,1.0296,-2.5381,0.0074143,0.003333
0.59871,1.1171,-2.6183,0.0074898,0.0032988
0.61034,1.2003,-2.6814,0.0075712,0.0032988
0.62278,1.2787,-2.7469,0.0076583,0.0032988
0.62621,1.352,-2.7752,0.0077506,0.0033672
0.63522,1.42,-2.8249,0.0078479,0.0034014
0.64001,1.4824,-2.8565,0.0079498,0.0034697
0.64538,1.539,-2.8893,0.0080558,0.0035381
0.65617,1.5895,-2.9426,0.0081655,0.0035723
0.66743,1.6337,-2.9965,0.0082785,0.0036064
0.6791,1.6715,-3.0507,0.0083943,0.0036406
0.69599,1.7026,-3.1245,0.0085126,0.0036406
0.71316,-3.1557,-2.2215,0.0086327,0.0036406
0.73541,1.7447,-3.2906,0.0087543,0.0036064
0.74804,1.7555,-3.3433,0.0088769,0.0036406
0.76074,1.7593,-3.3948,0.009,0.0036748
0.76856,1.7562,-3.4255,0.0091231,0.0037432
0.7763,1.7461,-3.4544,0.0092457,0.0038115
0.78391,1.7292,-3.4815,0.0093673,0.0038799
0.74248,-12.943,-0.38133,0.0094874,0.00429
0.60801,55.386,-13.509,0.0096057,0.0053496
0.93218,11.403,-6.0094,0.0097215,0.0031963
0.97273,1.5942,-4.2098,0.0098345,0.0030254
0.97864,-3.3385,-3.2469,0.0099442,0.0030937
0.67152,-66.871,10.688,0.01005,0.0053496
-0.50046,-154.82,32.967,0.010152,0.013655
-2.2786,-189.07,46.928,0.010249,0.026199
-3.1247,-18.245,16.148,0.010342,0.032215
-3.1416,-3.6745,13.301,0.010429,0.03242
-3.1397,-3.7571,13.31,0.01051,0.032488
-3.1338,1.0386,12.328,0.010586,0.032522
-3.1239,0.94734,12.306,0.010655,0.032522
-3.115,0.85238,12.289,0.010718,0.032522
-3.1021,0.75407,12.258,0.010773,0.032488
-3.0951,0.65277,12.25,0.010822,0.032488
-3.0892,0.5489,12.247,0.010864,0.032488
-3.0843,0.44287,12.248,0.010898,0.032488
-3.0804,0.33509,12.255,0.010925,0.032488
-3.0826,0.22598,12.285,0.010945,0.032522
-3.0809,0.11598,12.3,0.010956,0.032522
-3.0804,0.005527,12.32,0.01096,0.032522
-3.0809,-0.10495,12.345,0.010956,0.032522
-3.0826,-0.21501,12.373,0.010945,0.032522
-3.0902,-5.207,13.402,0.010925,0.032557
-3.0891,-0.43216,12.443,0.010898,0.032522
-3.0941,-0.53839,12.484,0.010864,0.032522
-3.0951,-0.6425,12.509,0.010822,0.032488
-3.1021,-5.6269,13.534,0.010773,0.032488
-3.1052,-0.8427,12.589,0.010718,0.032454
-3.1142,-0.938,12.644,0.010655,0.032454
-3.1241,-1.0296,12.702,0.010586,0.032454
-3.1397,-6,13.759,0.01051,0.032488
-3.1514,-1.2003,12.845,0.010429,0.032488
-3.1638,-1.2787,12.911,0.010342,0.032488
-3.1526,3.5308,11.904,0.010249,0.032317
-3.0298,18.111,8.4968,0.010152,0.03136
-2.5853,61.994,-2.0575,0.01005,0.028147
-1.951,66.82,-5.5599,0.0099442,0.023602
-1.3564,57.004,-5.9754,0.0098345,0.019329
-0.88911,42.312,-4.9059,0.0097215,0.015945
-0.51015,27.625,-3.4845,0.0096057,0.013177
-0.29267,12.946,-1.4185,0.0094874,0.011536
-0.12429,17.804,-3.0637,0.0093673,0.010237
0.082945,22.669,-4.8656,0.0092457,0.008665
0.33887,22.659,-5.8872,0.0091231,0.006751
0.53613,17.772,-5.6989,0.009,0.0052471
0.66015,8.0095,-4.2425,0.0088769,0.0042559
0.72565,3.1367,-3.5299,0.0087543,0.0036748
0.75222,3.1537,-3.6396,0.0086327,0.0033672
0.75459,-1.7054,-2.6773,0.0085126,0.0032305
0.75234,-1.6749,-2.6744,0.0083943,0.0031279
0.73579,-1.6378,-2.6156,0.0082785,0.0031279
0.72453,3.2886,-3.5559,0.0081655,0.0030937
0.70398,-1.5443,-2.507,0.0080558,0.0031279
0.69372,-1.4884,-2.4772,0.0079498,0.0030937
0.67429,-1.4265,-2.4118,0.0078479,0.0031279
0.66527,3.5237,-3.3658,0.0077506,0.0030937
0.61301,-11.052,-0.24168,0.0076583,0.0033672
0.40526,-30.505,4.48,0.0075712,0.0047344
-0.045822,-59.719,12.127,0.0074898,0.0078105
-0.64742,-44.984,11.586,0.0074143,0.011946
-0.03231,86.943,-17.259,0.0073451,0.0075713
0.41284,18.679,-5.3871,0.0072824,0.0043926
0.49762,-0.75407,-1.8397,0.0072265,0.0037432
0.51017,-0.65277,-1.9101,0.0071776,0.0036064
0.51398,-0.5489,-1.9461,0.0071359,0.0035381
0.51395,-0.44287,-1.9672,0.0071016,0.0035039
0.49547,-5.2179,-0.93829,0.0070747,0.0036064
0.46342,-5.1088,-0.83192,0.0070555,0.0038115
0.42758,-4.9988,-0.71058,0.0070439,0.0040508
0.40262,-4.8883,-0.6328,0.00704,0.0042217
0.38852,0.10495,-1.5751,0.0070439,0.0043242
0.39018,0.21501,-1.6037,0.0070555,0.0043242
0.39781,0.32423,-1.6561,0.0070747,0.00429
0.42118,5.315,-2.7477,0.0071016,0.0041533
0.44074,0.53839,-1.8706,0.0071359,0.0040508
0.47111,5.5253,-2.9895,0.0071776,0.0038799
0.49274,0.74406,-2.1198,0.0072265,0.0037773
0.52514,5.7255,-3.2457,0.0072824,0.0036064
0.54874,5.8208,-3.3591,0.0073451,0.0035039
0.56351,1.0296,-2.46,0.0074143,0.0034697
0.56941,1.1171,-2.5011,0.0074898,0.0035039
0.57616,1.2003,-2.5447,0.0075712,0.0035381
0.57883,-3.6041,-1.5945,0.0076583,0.0036064
0.58226,1.352,-2.5995,0.0077506,0.0036748
0.57663,1.42,-2.5905,0.0078479,0.0038115
0.56677,-3.4004,-1.587,0.0079498,0.0039824
0.54773,-3.3438,-1.5221,0.0080558,0.0042217
0.5341,-3.2933,-1.4777,0.0081655,0.0044268
0.53071,1.6337,-2.4496,0.0082785,0.0045635
0.54238,1.6715,-2.5038,0.0083943,0.0045977
0.55927,1.7026,-2.5776,0.0085126,0.0045977
0.57156,1.7271,-2.6316,0.0086327,0.0046318
0.56452,-3.1381,-1.6304,0.0087543,0.0048027
0.56738,-3.1274,-1.644,0.0088769,0.0049053
0.56543,11.525,-4.5667,0.009,0.005042
0.68067,11.522,-5.027,0.0091231,0.0043584
0.76654,6.6289,-4.3919,0.0092457,0.0038799
0.82786,6.612,-4.6338,0.0093673,0.0035723
0.87432,6.5882,-4.8149,0.0094874,0.0033672
0.91074,1.6749,-3.978,0.0096057,0.0032305
0.94682,1.6378,-4.1149,0.0097215,0.0030937
0.97762,1.5942,-4.2293,0.0098345,0.0029912
0.98352,1.5443,-4.243,0.0099442,0.0030596
0.9889,1.4884,-4.2533,0.01005,0.0031279
0.93509,-8.3391,-2.0725,0.010152,0.0036064
0.67067,-42.586,5.8346,0.010249,0.0055547
0.049095,-76.839,15.171,0.010342,0.009998
-0.96874,-111.1,26.094,0.010429,0.01721
-2.0753,-120.94,32.49,0.01051,0.025037
-2.8995,-47.79,21.156,0.010586,0.030882
-3.0849,-3.9355,13.127,0.010655,0.032249
-3.0906,0.85238,12.192,0.010718,0.032352
-3.0875,0.75407,12.199,0.010773,0.032386
-3.0805,0.65277,12.191,0.010822,0.032386
-3.0794,0.5489,12.208,0.010864,0.03242
-3.0745,0.44287,12.209,0.010898,0.03242
-3.0707,0.33509,12.216,0.010925,0.03242
-3.0679,0.22598,12.226,0.010945,0.03242
-3.0663,0.11598,12.242,0.010956,0.03242
-3.0657,0.005527,12.262,0.01096,0.03242
-3.0663,-0.10495,12.286,0.010956,0.03242
-3.0679,-0.21501,12.315,0.010945,0.03242
-3.0707,-0.32423,12.347,0.010925,0.03242
-3.0745,-0.43216,12.384,0.010898,0.03242
-3.0843,-0.53839,12.445,0.010864,0.032454
-3.0902,-5.5253,13.466,0.010822,0.032454
-3.0972,-0.74406,12.538,0.010773,0.032454
-3.1052,-0.8427,12.589,0.010718,0.032454
-3.1142,-0.938,12.644,0.010655,0.032454
-3.1241,-1.0296,12.702,0.010586,0.032454
-3.1397,-1.1171,12.782,0.01051,0.032488
-3.1514,-1.2003,12.845,0.010429,0.032488
-3.1687,-1.2787,12.93,0.010342,0.032522
-3.1819,-1.352,12.998,0.010249,0.032522
-3.1958,-1.42,13.067,0.010152,0.032522
-3.2103,-1.4824,13.138,0.01005,0.032522
-3.2255,-1.539,13.21,0.0099442,0.032522
-3.2411,-1.5895,13.282,0.0098345,0.032522
-3.2573,-1.6337,13.356,0.0097215,0.032522
-3.2738,-1.6715,13.43,0.0096057,0.032522
-3.2907,-1.7026,13.503,0.0094874,0.032522
-3.3079,-1.7271,13.577,0.0093673,0.032522
-3.3253,-1.7447,13.65,0.0092457,0.032522
-3.3379,-1.7555,13.703,0.0091231,0.032488
-3.3555,-1.7593,13.774,0.009,0.032488
-3.3731,-1.7562,13.843,0.0088769,0.032488
-3.3906,-1.7461,13.911,0.0087543,0.032488
-3.4079,-1.7292,13.978,0.0086327,0.032488
-3.4251,-1.7054,14.041,0.0085126,0.032488
-3.442,-1.6749,14.103,0.0083943,0.032488
-3.4585,-1.6378,14.162,0.0082785,0.032488
-3.4747,-6.477,15.194,0.0081655,0.032488
-3.4855,3.3385,13.274,0.0080558,0.032454
-3.5006,-1.4884,14.3,0.0079498,0.032454
-3.5152,3.4563,13.369,0.0078479,0.032454
-3.5291,-1.3591,14.388,0.0077506,0.032454
-3.5423,-1.2862,14.426,0.0076583,0.032454
-3.5547,-1.2083,14.46,0.0075712,0.032454
-3.5663,-1.1257,14.49,0.0074898,0.032454
-3.5771,-1.0386,14.516,0.0074143,0.032454
-3.587,-0.94734,14.537,0.0073451,0.032454
-3.596,-0.85238,14.554,0.0072824,0.032454
-3.6039,-0.75407,14.567,0.0072265,0.032454
-3.6109,-0.65277,14.574,0.0071776,0.032454
-3.6169,-0.5489,14.577,0.0071359,0.032454
-3.6218,-0.44287,14.576,0.0071016,0.032454
-3.6256,-0.33509,14.57,0.0070747,0.032454
-3.6284,-0.22598,14.559,0.0070555,0.032454
-3.63,-0.11598,14.543,0.0070439,0.032454
-3.6306,-0.005527,14.523,0.00704,0.032454
-3.63,0.10495,14.499,0.0070439,0.032454
-3.6284,0.21501,14.471,0.0070555,0.032454
-3.6256,0.32423,14.438,0.0070747,0.032454
-3.6218,0.43216,14.401,0.0071016,0.032454
-3.6169,0.53839,14.36,0.0071359,0.032454
-3.6109,0.6425,14.315,0.0071776,0.032454
-3.6039,0.74406,14.267,0.0072265,0.032454
-3.596,0.8427,14.215,0.0072824,0.032454
-3.587,0.938,14.16,0.0073451,0.032454
-3.5771,1.0296,14.103,0.0074143,0.032454
-3.5663,1.1171,14.042,0.0074898,0.032454
