-0.76484,-600,123.3,-1.0352,-1.8
-0.75996,0,3.2907,-1.04,-1.8
-0.70137,9.7656,1.1105,-1.0986,-1.8
-0.58418,14.648,-0.32843,-1.2158,-1.8
-0.4377,19.531,-1.8859,-1.3623,-1.8
-0.28633,14.648,-1.5112,-1.5137,-1.8
-0.19844,4.8828,0.092648,-1.6016,-1.8
-0.15449,4.8828,-0.081403,-1.6455,-1.8
-0.12031,4.8828,-0.21677,-1.6797,-1.8
-0.086133,4.8828,-0.35247,-1.7139,-1.8
-0.056836,4.8828,-0.46896,-1.7432,-1.8
-0.022656,4.8828,-0.60527,-1.7773,-1.8
0.0066406,0,0.25416,-1.8066,-1.8
0.035937,0,0.13673,-1.8359,-1.8
0.065234,0,0.019006,-1.8652,-1.8
0.1043,4.8828,-1.1147,-1.9043,-1.8
0.13848,4.8828,-1.2526,-1.9385,-1.8
0.16289,4.8828,-1.3518,-1.9629,-1.8
0.1873,0,-0.47467,-1.9873,-1.8
0.22148,4.8828,-1.59,-2.0215,-1.8
0.25078,0,-0.73303,-2.0508,-1.8
0.28496,4.8828,-1.849,-2.085,-1.8
0.30937,0,-0.9731,-2.1094,-1.8
0.33379,0,-1.074,-2.1338,-1.8
0.35332,4.8828,-2.1321,-2.1533,-1.8
0.36797,0,-1.2178,-2.168,-1.8
0.37773,0,-1.2606,-2.1777,-1.8
0.38262,0,-1.2839,-2.1826,-1.8
0.38262,-4.8828,-0.31119,-2.1826,-1.8
0.3875,0,-1.3112,-2.1875,-1.8
0.38262,0,-1.2955,-2.1826,-1.8
0.37773,0,-1.2797,-2.1777,-1.8
0.36309,-4.8828,-0.24827,-2.1631,-1.8
0.35332,-4.8828,-0.21281,-2.1533,-1.8
0.33379,-4.8828,-0.13813,-2.1338,-1.8
0.32402,0,-1.0789,-2.124,-1.8
0.30449,0,-1.0039,-2.1045,-1.8
0.28984,0,-0.94829,-2.0898,-1.8
0.27031,-4.8828,0.10359,-2.0703,-1.8
0.26055,0,-0.83657,-2.0605,-1.8
0.2459,0,-0.7805,-2.0459,-1.8
0.23125,0,-0.72428,-2.0313,-1.8
0.2166,0,-0.66792,-2.0166,-1.8
0.20195,0,-0.61142,-2.002,-1.8
0.1873,0,-0.55475,-1.9873,-1.8
0.17266,-4.8828,0.47859,-1.9727,-1.8
0.16289,0,-0.46059,-1.9629,-1.8
0.15312,0,-0.42311,-1.9531,-1.8
0.14336,0,-0.38553,-1.9434,-1.8
0.13848,0,-0.36742,-1.9385,-1.8
0.13359,0,-0.34925,-1.9336,-1.8
0.13359,0,-0.35058,-1.9336,-1.8
0.13359,0,-0.35192,-1.9336,-1.8
0.13359,0,-0.35326,-1.9336,-1.8
0.13359,0,-0.3546,-1.9336,-1.8
0.13848,0,-0.37551,-1.9385,-1.8
0.14336,0,-0.39647,-1.9434,-1.8
0.14824,0,-0.41748,-1.9482,-1.8
0.15312,0,-0.43853,-1.9531,-1.8
0.16289,0,-0.4792,-1.9629,-1.8
0.17266,4.8828,-1.4965,-1.9727,-1.8
0.17754,0,-0.54121,-1.9775,-1.8
0.1873,4.8828,-1.5587,-1.9873,-1.8
0.19219,0,-0.60353,-1.9922,-1.8
0.20195,4.8828,-1.6211,-2.002,-1.8
0.20684,0,-0.66614,-2.0068,-1.8
0.21172,0,-0.68778,-2.0117,-1.8
0.2166,0,-0.70946,-2.0166,-1.8
0.22148,4.8828,-1.7077,-2.0215,-1.8
0.22148,0,-0.73338,-2.0215,-1.8
0.22637,0,-0.75516,-2.0264,-1.8
0.23125,0,-0.77698,-2.0313,-1.8
0.23125,0,-0.77929,-2.0313,-1.8
0.23613,0,-0.80118,-2.0361,-1.8
0.23613,0,-0.80354,-2.0361,-1.8
0.23613,0,-0.8059,-2.0361,-1.8
0.23125,-4.8828,0.18784,-2.0313,-1.8
0.23613,0,-0.8106,-2.0361,-1.8
0.23613,0,-0.81296,-2.0361,-1.8
0.23613,-4.8828,0.16119,-2.0361,-1.8
0.23613,0,-0.81775,-2.0361,-1.8
0.23125,0,-0.80057,-2.0313,-1.8
0.22637,0,-0.78333,-2.0264,-1.8
0.2166,0,-0.74648,-2.0166,-1.8
0.20195,-4.8828,0.28658,-2.002,-1.8
0.19219,0,-0.65291,-1.9922,-1.8
0.17754,0,-0.59615,-1.9775,-1.8
0.16777,0,-0.55881,-1.9678,-1.8
0.15312,0,-0.50179,-1.9531,-1.8
0.14336,0,-0.46422,-1.9434,-1.8
0.13359,0,-0.42653,-1.9336,-1.8
0.12383,-4.8828,0.58778,-1.9238,-1.8
0.11895,0,-0.37046,-1.9189,-1.8
0.11406,0,-0.35208,-1.9141,-1.8
0.10918,0,-0.33366,-1.9092,-1.8
0.10918,4.8828,-1.3113,-1.9092,-1.8
0.1043,0,-0.31627,-1.9043,-1.8
0.1043,0,-0.31734,-1.9043,-1.8
0.10918,0,-0.33795,-1.9092,-1.8
0.11406,0,-0.35861,-1.9141,-1.8
0.11895,0,-0.3793,-1.9189,-1.8
0.12383,0,-0.40005,-1.9238,-1.8
0.12871,0,-0.42083,-1.9287,-1.8
0.12871,0,-0.42211,-1.9287,-1.8
0.13359,4.8828,-1.4195,-1.9336,-1.8
0.13359,0,-0.44427,-1.9336,-1.8
0.13359,0,-0.44561,-1.9336,-1.8
0.13848,4.8828,-1.443,-1.9385,-1.8
0.13848,0,-0.46787,-1.9385,-1.8
0.14336,0,-0.48882,-1.9434,-1.8
0.14824,0,-0.50981,-1.9482,-1.8
0.15801,4.8828,-1.527,-1.958,-1.8
0.16289,0,-0.57153,-1.9629,-1.8
0.17266,4.8828,-1.5888,-1.9727,-1.8
0.17754,0,-0.63353,-1.9775,-1.8
0.1873,4.8828,-1.651,-1.9873,-1.8
0.1873,0,-0.67628,-1.9873,-1.8
0.19707,4.8828,-1.6938,-1.9971,-1.8
0.19707,0,-0.71923,-1.9971,-1.8
0.20195,0,-0.74076,-2.002,-1.8
0.20684,4.8828,-1.7389,-2.0068,-1.8
0.20195,-4.8828,0.23172,-2.002,-1.8
0.20684,0,-0.76642,-2.0068,-1.8
0.20684,0,-0.76849,-2.0068,-1.8
0.20195,0,-0.75099,-2.002,-1.8
0.19707,0,-0.73345,-1.9971,-1.8
0.1873,0,-0.69631,-1.9873,-1.8
0.17754,-4.8828,0.31748,-1.9775,-1.8
0.16777,0,-0.62173,-1.9678,-1.8
0.15801,0,-0.5843,-1.958,-1.8
0.14824,0,-0.54676,-1.9482,-1.8
0.13848,0,-0.50912,-1.9385,-1.8
0.12871,0,-0.47138,-1.9287,-1.8
0.11895,0,-0.43356,-1.9189,-1.8
0.11406,0,-0.41519,-1.9141,-1.8
0.10918,0,-0.39676,-1.9092,-1.8
0.1043,4.8828,-1.3548,-1.9043,-1.8
0.099414,0,-0.35973,-1.8994,-1.8
0.094531,0,-0.34116,-1.8945,-1.8
0.094531,0,-0.34211,-1.8945,-1.8
0.089648,0,-0.32348,-1.8896,-1.8
0.084766,0,-0.30483,-1.8848,-1.8
0.084766,0,-0.30567,-1.8848,-1.8
0.079883,0,-0.28694,-1.8799,-1.8
0.075,-4.8828,0.70839,-1.875,-1.8
0.079883,0,-0.2885,-1.8799,-1.8
0.079883,0,-0.2893,-1.8799,-1.8
0.084766,0,-0.30967,-1.8848,-1.8
0.094531,0,-0.34963,-1.8945,-1.8
0.099414,0,-0.37012,-1.8994,-1.8
0.1043,0,-0.39067,-1.9043,-1.8
0.11406,0,-0.43083,-1.9141,-1.8
0.11895,0,-0.45153,-1.9189,-1.8
0.12383,0,-0.47228,-1.9238,-1.8
0.12871,0,-0.49307,-1.9287,-1.8
0.13359,0,-0.51393,-1.9336,-1.8
0.13848,0,-0.53482,-1.9385,-1.8
0.14336,0,-0.55577,-1.9434,-1.8
0.14336,0,-0.5572,-1.9434,-1.8
0.14824,0,-0.57821,-1.9482,-1.8
0.14824,0,-0.57969,-1.9482,-1.8
0.14824,0,-0.58118,-1.9482,-1.8
0.14824,0,-0.58266,-1.9482,-1.8
0.14824,0,-0.58414,-1.9482,-1.8
0.14824,0,-0.58562,-1.9482,-1.8
0.14824,0,-0.58711,-1.9482,-1.8
0.14824,0,-0.58859,-1.9482,-1.8
0.74824,-4.8828,-2.0159,-1.9482,-1.2
0.73848,0,-2.9609,-1.9385,-1.2
0.675,-9.7656,-0.76092,-1.875,-1.2
0.54316,-14.648,0.73693,-1.7432,-1.2
0.39668,-14.648,1.3183,-1.5967,-1.2
0.30391,-4.8828,-0.26715,-1.5039,-1.2
0.25508,-4.8828,-0.074606,-1.4551,-1.2
0.20137,-4.8828,0.13799,-1.4014,-1.2
0.14277,-4.8828,0.37067,-1.3428,-1.2
0.093945,-4.8828,0.56484,-1.2939,-1.2
0.05,-4.8828,0.73994,-1.25,-1.2
0.01582,-4.8828,0.87635,-1.2158,-1.2
-0.0037109,0,-0.022137,-1.1963,-1.2
-0.023242,-4.8828,1.0327,-1.1768,-1.2
-0.042773,-4.8828,1.1111,-1.1572,-1.2
-0.07207,0,0.25236,-1.1279,-1.2
-0.10137,-4.8828,1.347,-1.0986,-1.2
-0.11602,0,0.43013,-1.084,-1.2
-0.13555,-4.8828,1.4861,-1.0645,-1.2
-0.16484,-4.8828,1.6048,-1.0352,-1.2
-0.18926,-4.8828,1.7042,-1.0107,-1.2
-0.20391,-4.8828,1.7647,-0.99609,-1.2
-0.21855,-4.8828,1.8254,-0.98145,-1.2
-0.23809,0,0.92929,-0.96191,-1.2
-0.2625,-4.8828,2.006,-0.9375,-1.2
-0.27715,0,1.0908,-0.92285,-1.2
-0.2918,0,1.1522,-0.9082,-1.2
-0.29668,4.8828,0.19814,-0.90332,-1.2
-0.30156,0,1.1972,-0.89844,-1.2
-0.29668,0,1.1807,-0.90332,-1.2
-0.2918,0,1.1641,-0.9082,-1.2
-0.27715,0,1.1084,-0.92285,-1.2
-0.2625,0,1.0524,-0.9375,-1.2
-0.24297,4.8828,0.0002584,-0.95703,-1.2
-0.22832,0,0.92056,-0.97168,-1.2
-0.20879,4.8828,-0.13194,-0.99121,-1.2
-0.20391,-4.8828,1.8037,-0.99609,-1.2
-0.18926,4.8828,-0.20605,-1.0107,-1.2
-0.18926,0,0.7724,-1.0107,-1.2
-0.18437,0,0.75474,-1.0156,-1.2
-0.18926,0,0.77616,-1.0107,-1.2
-0.19414,0,0.79761,-1.0059,-1.2
-0.19902,-4.8828,1.7956,-1.001,-1.2
-0.19902,0,0.82107,-1.001,-1.2
-0.20391,-4.8828,1.8192,-0.99609,-1.2
-0.19902,4.8828,-0.15146,-1.001,-1.2
-0.20391,0,0.84667,-0.99609,-1.2
-0.19902,0,0.82916,-1.001,-1.2
-0.19902,0,0.83115,-1.001,-1.2
-0.18926,4.8828,-0.18252,-1.0107,-1.2
-0.18926,0,0.79594,-1.0107,-1.2
-0.18437,0,0.77828,-1.0156,-1.2
-0.18437,0,0.78012,-1.0156,-1.2
-0.18437,0,0.78196,-1.0156,-1.2
-0.18926,0,0.80335,-1.0107,-1.2
-0.18926,0,0.80524,-1.0107,-1.2
-0.19902,0,0.84624,-1.001,-1.2
-0.20391,0,0.86779,-0.99609,-1.2
-0.21367,0,0.90894,-0.98633,-1.2
-0.21855,0,0.93065,-0.98145,-1.2
-0.22832,0,0.97197,-0.97168,-1.2
-0.23809,-4.8828,1.9899,-0.96191,-1.2
-0.24297,0,1.0353,-0.95703,-1.2
-0.24785,0,1.0573,-0.95215,-1.2
-0.25273,0,1.0793,-0.94727,-1.2
-0.25273,0,1.0818,-0.94727,-1.2
-0.25273,0,1.0844,-0.94727,-1.2
-0.25273,0,1.0869,-0.94727,-1.2
-0.25273,0,1.0894,-0.94727,-1.2
-0.24785,0,1.0724,-0.95215,-1.2
-0.24785,0,1.0749,-0.95215,-1.2
-0.24297,0,1.0578,-0.95703,-1.2
-0.24297,0,1.0603,-0.95703,-1.2
-0.23809,0,1.0431,-0.96191,-1.2
-0.2332,4.8828,0.049387,-0.9668,-1.2
-0.22832,0,1.0087,-0.97168,-1.2
-0.22344,0,0.99144,-0.97656,-1.2
-0.21367,0,0.95456,-0.98633,-1.2
-0.20879,0,0.93713,-0.99121,-1.2
-0.19902,0,0.90011,-1.001,-1.2
-0.19414,0,0.88254,-1.0059,-1.2
-0.18926,0,0.86492,-1.0107,-1.2
-0.18437,0,0.84725,-1.0156,-1.2
-0.17949,0,0.82953,-1.0205,-1.2
-0.17461,0,0.81176,-1.0254,-1.2
-0.16973,0,0.79396,-1.0303,-1.2
-0.16973,0,0.79565,-1.0303,-1.2
-0.16484,0,0.77778,-1.0352,-1.2
-0.16484,0,0.77943,-1.0352,-1.2
-0.15996,0,0.76151,-1.04,-1.2
-0.15996,0,0.76311,-1.04,-1.2
-0.15508,0,0.74513,-1.0449,-1.2
-0.15508,0,0.74668,-1.0449,-1.2
-0.1502,0,0.72866,-1.0498,-1.2
-0.1502,0,0.73016,-1.0498,-1.2
-0.1502,0,0.73167,-1.0498,-1.2
-0.1502,0,0.73317,-1.0498,-1.2
-0.14531,4.8828,-0.26144,-1.0547,-1.2
-0.1502,0,0.73614,-1.0498,-1.2
-0.14531,0,0.71807,-1.0547,-1.2
-0.1502,0,0.73907,-1.0498,-1.2
-0.1502,0,0.74054,-1.0498,-1.2
-0.15508,-4.8828,1.7381,-1.0449,-1.2
-0.15508,0,0.76313,-1.0449,-1.2
-0.16484,-4.8828,1.7803,-1.0352,-1.2
-0.16973,-4.8828,1.8015,-1.0303,-1.2
-0.17949,0,0.86576,-1.0205,-1.2
-0.18437,0,0.8871,-1.0156,-1.2
-0.19414,0,0.92807,-1.0059,-1.2
-0.20391,0,0.96911,-0.99609,-1.2
-0.21367,-4.8828,1.9868,-0.98633,-1.2
-0.21855,0,1.0319,-0.98145,-1.2
-0.22344,0,1.0537,-0.97656,-1.2
-0.22344,0,1.0559,-0.97656,-1.2
-0.22344,0,1.0581,-0.97656,-1.2
-0.22344,0,1.0604,-0.97656,-1.2
-0.21855,4.8828,0.066503,-0.98145,-1.2
-0.21367,0,1.0257,-0.98633,-1.2
-0.20879,0,1.0083,-0.99121,-1.2
-0.20391,0,0.99082,-0.99609,-1.2
-0.19902,0,0.97329,-1.001,-1.2
-0.19414,0,0.95571,-1.0059,-1.2
-0.18437,4.8828,-0.058026,-1.0156,-1.2
-0.17949,0,0.90083,-1.0205,-1.2
-0.17461,4.8828,-0.093474,-1.0254,-1.2
-0.16973,0,0.86528,-1.0303,-1.2
-0.16484,0,0.84743,-1.0352,-1.2
-0.15996,0,0.82952,-1.04,-1.2
-0.15508,4.8828,-0.16498,-1.0449,-1.2
-0.1502,0,0.79359,-1.0498,-1.2
-0.14531,4.8828,-0.20101,-1.0547,-1.2
-0.14043,4.8828,-0.2191,-1.0596,-1.2
-0.14043,0,0.75887,-1.0596,-1.2
-0.13555,0,0.74069,-1.0645,-1.2
-0.13066,0,0.72247,-1.0693,-1.2
-0.12578,0,0.7042,-1.0742,-1.2
-0.1209,0,0.6859,-1.0791,-1.2
-0.11602,0,0.66755,-1.084,-1.2
-0.11602,0,0.66871,-1.084,-1.2
-0.11113,0,0.65029,-1.0889,-1.2
-0.11113,0,0.6514,-1.0889,-1.2
-0.11113,0,0.6525,-1.0889,-1.2
-0.11113,0,0.65361,-1.0889,-1.2
-0.11113,0,0.65472,-1.0889,-1.2
-0.11113,4.8828,-0.32072,-1.0889,-1.2
-0.11602,0,0.67652,-1.084,-1.2
-0.1209,0,0.69723,-1.0791,-1.2
-0.1209,0,0.69844,-1.0791,-1.2
-0.12578,0,0.71922,-1.0742,-1.2
-0.13066,0,0.74004,-1.0693,-1.2
-0.13555,0,0.76091,-1.0645,-1.2
-0.14531,0,0.80138,-1.0547,-1.2
-0.1502,0,0.82239,-1.0498,-1.2
-0.15508,0,0.84345,-1.0449,-1.2
-0.15996,4.8828,-0.11199,-1.04,-1.2
-0.16484,0,0.88575,-1.0352,-1.2
-0.17461,-4.8828,1.9031,-1.0254,-1.2
-0.17461,0,0.92826,-1.0254,-1.2
-0.17949,0,0.94957,-1.0205,-1.2
-0.18437,0,0.97091,-1.0156,-1.2
-0.18437,0,0.97275,-1.0156,-1.2
-0.18926,0,0.99414,-1.0107,-1.2
-0.18926,0,0.99603,-1.0107,-1.2
-0.18926,0,0.99791,-1.0107,-1.2
-0.18926,0,0.99981,-1.0107,-1.2
-0.18437,4.8828,0.0055963,-1.0156,-1.2
-0.18437,0,0.98401,-1.0156,-1.2
-0.77461,4.8828,2.3744,-1.0254,-1.8
-0.73066,4.8828,2.2062,-1.0693,-1.8
-0.62324,14.648,-0.1699,-1.1768,-1.8
-0.48652,14.648,-0.71127,-1.3135,-1.8
-0.33027,14.648,-1.3323,-1.4697,-1.8
-0.21797,9.7656,-0.80227,-1.582,-1.8
-0.15938,9.7656,-1.0348,-1.6406,-1.8
-0.11543,4.8828,-0.23265,-1.6846,-1.8
-0.071484,4.8828,-0.4075,-1.7285,-1.8
-0.037305,0,0.43287,-1.7627,-1.8
-0.003125,4.8828,-0.68023,-1.7969,-1.8
0.021289,4.8828,-0.77798,-1.8213,-1.8
0.060352,4.8828,-0.93465,-1.8604,-1.8
0.099414,4.8828,-1.0917,-1.8994,-1.8
0.11895,0,-0.19438,-1.9189,-1.8
0.14336,0,-0.29337,-1.9434,-1.8
0.18242,4.8828,-1.4278,-1.9824,-1.8
0.2166,4.8828,-1.5665,-2.0166,-1.8
0.2459,4.8828,-1.686,-2.0459,-1.8
0.2752,4.8828,-1.8058,-2.0752,-1.8
0.29961,4.8828,-1.9064,-2.0996,-1.8
0.32402,4.8828,-2.0071,-2.124,-1.8
0.34355,0,-1.112,-2.1436,-1.8
0.36309,0,-1.1937,-2.1631,-1.8
0.37773,4.8828,-2.2326,-2.1777,-1.8
0.38262,0,-1.2793,-2.1826,-1.8
0.3875,0,-1.3027,-2.1875,-1.8
0.3875,0,-1.3066,-2.1875,-1.8
0.37773,0,-1.2714,-2.1777,-1.8
0.36797,0,-1.236,-2.168,-1.8
0.34844,0,-1.1614,-2.1484,-1.8
0.32891,0,-1.0867,-2.1289,-1.8
0.31426,0,-1.0313,-2.1143,-1.8
0.29961,0,-0.97572,-2.0996,-1.8
0.28496,0,-0.92003,-2.085,-1.8
0.26055,-4.8828,0.15148,-2.0605,-1.8
0.2459,0,-0.76902,-2.0459,-1.8
0.23125,-4.8828,0.26375,-2.0313,-1.8
0.2166,-4.8828,0.3201,-2.0166,-1.8
0.20195,0,-0.59996,-2.002,-1.8
0.1873,0,-0.54331,-1.9873,-1.8
0.17754,0,-0.50607,-1.9775,-1.8
0.17266,0,-0.48828,-1.9727,-1.8
0.16289,0,-0.45087,-1.9629,-1.8
0.15801,0,-0.43294,-1.958,-1.8
0.15801,0,-0.43452,-1.958,-1.8
0.15312,0,-0.41654,-1.9531,-1.8
0.15312,-4.8828,0.55849,-1.9531,-1.8
0.15801,0,-0.43919,-1.958,-1.8
0.16777,4.8828,-1.4564,-1.9678,-1.8
0.17266,0,-0.50109,-1.9727,-1.8
0.18242,0,-0.54193,-1.9824,-1.8
0.19219,0,-0.58288,-1.9922,-1.8
0.20195,0,-0.62393,-2.002,-1.8
0.2166,0,-0.68463,-2.0166,-1.8
0.22148,0,-0.70635,-2.0215,-1.8
0.23125,0,-0.7477,-2.0313,-1.8
0.24102,0,-0.78912,-2.041,-1.8
0.2459,0,-0.81109,-2.0459,-1.8
0.25078,0,-0.8331,-2.0508,-1.8
0.25078,0,-0.8356,-2.0508,-1.8
0.25078,0,-0.83811,-2.0508,-1.8
0.25078,0,-0.84062,-2.0508,-1.8
0.2459,-4.8828,0.15299,-2.0459,-1.8
0.2459,0,-0.82604,-2.0459,-1.8
0.2459,0,-0.8285,-2.0459,-1.8
0.24102,0,-0.81139,-2.041,-1.8
0.24102,0,-0.8138,-2.041,-1.8
0.23613,0,-0.79666,-2.0361,-1.8
0.23125,0,-0.77947,-2.0313,-1.8
0.23125,0,-0.78178,-2.0313,-1.8
0.22637,0,-0.76452,-2.0264,-1.8
0.2166,-4.8828,0.24889,-2.0166,-1.8
0.21172,0,-0.71027,-2.0117,-1.8
0.20195,0,-0.67327,-2.002,-1.8
0.19219,0,-0.63615,-1.9922,-1.8
0.18242,0,-0.59897,-1.9824,-1.8
0.17266,0,-0.56167,-1.9727,-1.8
0.16289,0,-0.52429,-1.9629,-1.8
0.15312,0,-0.48681,-1.9531,-1.8
0.14336,0,-0.44923,-1.9434,-1.8
0.13359,0,-0.41155,-1.9336,-1.8
0.12871,0,-0.39333,-1.9287,-1.8
0.11895,0,-0.35549,-1.9189,-1.8
0.11406,0,-0.33712,-1.9141,-1.8
0.10918,0,-0.3187,-1.9092,-1.8
0.11406,0,-0.33935,-1.9141,-1.8
0.11406,0,-0.34049,-1.9141,-1.8
0.11895,-4.8828,0.61535,-1.9189,-1.8
0.12871,4.8828,-1.3781,-1.9287,-1.8
0.12871,0,-0.4028,-1.9287,-1.8
0.13359,0,-0.42365,-1.9336,-1.8
0.13848,0,-0.44456,-1.9385,-1.8
0.14336,0,-0.46551,-1.9434,-1.8
0.14824,0,-0.48649,-1.9482,-1.8
0.15312,0,-0.50752,-1.9531,-1.8
0.15312,0,-0.50905,-1.9531,-1.8
0.15801,0,-0.53014,-1.958,-1.8
0.15801,-4.8828,0.44482,-1.958,-1.8
0.16777,0,-0.57245,-1.9678,-1.8
0.17266,0,-0.59368,-1.9727,-1.8
0.18242,4.8828,-1.6111,-1.9824,-1.8
0.1873,4.8828,-1.6324,-1.9873,-1.8
0.19219,0,-0.67727,-1.9922,-1.8
0.19707,0,-0.69874,-1.9971,-1.8
0.20195,0,-0.72026,-2.002,-1.8
0.20195,0,-0.72228,-2.002,-1.8
0.20684,0,-0.74384,-2.0068,-1.8
0.20195,-4.8828,0.25019,-2.002,-1.8
0.21172,4.8828,-1.7441,-2.0117,-1.8
0.21172,0,-0.76961,-2.0117,-1.8
0.2166,0,-0.79127,-2.0166,-1.8
0.21172,0,-0.77389,-2.0117,-1.8
0.2166,0,-0.79556,-2.0166,-1.8
0.21172,0,-0.77815,-2.0117,-1.8
0.21172,0,-0.78027,-2.0117,-1.8
0.20195,0,-0.74327,-2.002,-1.8
0.19707,0,-0.72573,-1.9971,-1.8
0.18242,0,-0.66902,-1.9824,-1.8
0.17754,0,-0.65128,-1.9775,-1.8
0.16777,0,-0.61393,-1.9678,-1.8
0.15801,-4.8828,0.40008,-1.958,-1.8
0.14824,0,-0.53895,-1.9482,-1.8
0.14336,0,-0.52088,-1.9434,-1.8
0.12871,0,-0.46365,-1.9287,-1.8
0.12383,0,-0.44538,-1.9238,-1.8
0.10918,0,-0.38794,-1.9092,-1.8
0.1043,0,-0.36948,-1.9043,-1.8
0.089648,-4.8828,0.66472,-1.8896,-1.8
0.084766,0,-0.2932,-1.8848,-1.8
0.079883,0,-0.2745,-1.8799,-1.8
0.079883,0,-0.2753,-1.8799,-1.8
0.075,0,-0.25652,-1.875,-1.8
0.079883,0,-0.27683,-1.8799,-1.8
0.084766,4.8828,-1.2737,-1.8848,-1.8
0.089648,0,-0.31759,-1.8896,-1.8
0.099414,4.8828,-1.3342,-1.8994,-1.8
0.1043,-4.8828,0.5984,-1.9043,-1.8
0.11406,4.8828,-1.3949,-1.9141,-1.8
0.12383,0,-0.45858,-1.9238,-1.8
0.12871,0,-0.47936,-1.9287,-1.8
0.13359,0,-0.50021,-1.9336,-1.8
0.13848,0,-0.5211,-1.9385,-1.8
0.14336,0,-0.54202,-1.9434,-1.8
0.14336,-4.8828,0.43309,-1.9434,-1.8
0.15312,0,-0.58404,-1.9531,-1.8
0.15801,0,-0.60514,-1.958,-1.8
0.16289,0,-0.62628,-1.9629,-1.8
0.16289,0,-0.62791,-1.9629,-1.8
0.16289,0,-0.62954,-1.9629,-1.8
0.15801,-4.8828,0.36493,-1.958,-1.8
0.16289,0,-0.63279,-1.9629,-1.8
0.15801,0,-0.61484,-1.958,-1.8
0.15801,0,-0.61642,-1.958,-1.8
0.15801,0,-0.618,-1.958,-1.8
0.15801,0,-0.61958,-1.958,-1.8
0.15801,0,-0.62116,-1.958,-1.8
0.15801,0,-0.62274,-1.958,-1.8
0.15801,0,-0.62432,-1.958,-1.8
0.15801,0,-0.6259,-1.958,-1.8
0.15801,0,-0.62748,-1.958,-1.8
0.15312,-4.8828,0.36704,-1.9531,-1.8
0.14824,-4.8828,0.38505,-1.9482,-1.8
0.14824,0,-0.59302,-1.9482,-1.8
0.14336,0,-0.57496,-1.9434,-1.8
0.14336,0,-0.57639,-1.9434,-1.8
0.73359,600,-122.94,-1.9336,-1.2
0.71895,0,-2.888,-1.9189,-1.2
0.65547,-9.7656,-0.68784,-1.8555,-1.2
0.52363,-19.531,1.7867,-1.7236,-1.2
0.37227,-14.648,1.4112,-1.5723,-1.2
0.26973,-9.7656,0.84173,-1.4697,-1.2
0.21602,-4.8828,0.077605,-1.416,-1.2
0.16719,-4.8828,0.27102,-1.3672,-1.2
0.10859,-4.8828,0.50406,-1.3086,-1.2
0.059766,-4.8828,0.69855,-1.2598,-1.2
0.01582,-4.8828,0.87397,-1.2158,-1.2
-0.018359,-4.8828,1.0107,-1.1816,-1.2
-0.042773,0,0.13214,-1.1572,-1.2
-0.057422,0,0.19125,-1.1426,-1.2
-0.081836,-4.8828,1.2662,-1.1182,-1.2
-0.11113,-4.8828,1.3843,-1.0889,-1.2
-0.14043,-4.8828,1.5027,-1.0596,-1.2
-0.14531,0,0.54714,-1.0547,-1.2
-0.15996,0,0.60727,-1.04,-1.2
-0.18437,-4.8828,1.6832,-1.0156,-1.2
-0.20879,0,0.80628,-0.99121,-1.2
-0.22832,-4.8828,1.8632,-0.97168,-1.2
-0.23809,0,0.92799,-0.96191,-1.2
-0.24297,0,0.94991,-0.95703,-1.2
-0.24785,0,0.9719,-0.95215,-1.2
-0.25273,0,0.99395,-0.94727,-1.2
-0.25273,0,0.99648,-0.94727,-1.2
-0.24785,0,0.97945,-0.95215,-1.2
-0.24297,0,0.96238,-0.95703,-1.2
-0.2332,0,0.9257,-0.9668,-1.2
-0.22344,4.8828,-0.087642,-0.97656,-1.2
-0.21367,0,0.85203,-0.98633,-1.2
-0.20391,0,0.81506,-0.99609,-1.2
-0.19414,0,0.77798,-1.0059,-1.2
-0.18926,0,0.76036,-1.0107,-1.2
-0.18437,0,0.74268,-1.0156,-1.2
-0.18437,0,0.74452,-1.0156,-1.2
-0.18437,0,0.74636,-1.0156,-1.2
-0.18437,0,0.74821,-1.0156,-1.2
-0.18926,0,0.76961,-1.0107,-1.2
-0.19414,0,0.79106,-1.0059,-1.2
-0.19414,0,0.793,-1.0059,-1.2
-0.19902,0,0.8145,-1.001,-1.2
-0.20391,0,0.83603,-0.99609,-1.2
-0.20879,0,0.85763,-0.99121,-1.2
-0.20879,0,0.85972,-0.99121,-1.2
-0.21367,0,0.88137,-0.98633,-1.2
-0.21855,0,0.90305,-0.98145,-1.2
-0.22344,0,0.9248,-0.97656,-1.2
-0.22832,0,0.94659,-0.97168,-1.2
-0.2332,0,0.96843,-0.9668,-1.2
-0.23809,0,0.99033,-0.96191,-1.2
-0.24297,0,1.0123,-0.95703,-1.2
-0.25273,-4.8828,2.0304,-0.94727,-1.2
-0.25273,0,1.0563,-0.94727,-1.2
-0.25762,0,1.0784,-0.94238,-1.2
-0.25762,0,1.081,-0.94238,-1.2
-0.25762,4.8828,0.10698,-0.94238,-1.2
-0.25762,4.8828,0.10959,-0.94238,-1.2
-0.25762,0,1.0887,-0.94238,-1.2
-0.25273,4.8828,0.0952,-0.94727,-1.2
-0.25273,0,1.0743,-0.94727,-1.2
-0.24785,0,1.0572,-0.95215,-1.2
-0.24297,0,1.0401,-0.95703,-1.2
-0.23809,0,1.023,-0.96191,-1.2
-0.22832,0,0.98627,-0.97168,-1.2
-0.22344,0,0.96901,-0.97656,-1.2
-0.21367,4.8828,-0.044433,-0.98633,-1.2
-0.20879,0,0.91472,-0.99121,-1.2
-0.20391,0,0.89725,-0.99609,-1.2
-0.19902,0,0.87972,-1.001,-1.2
-0.19414,0,0.86214,-1.0059,-1.2
-0.18437,4.8828,-0.1516,-1.0156,-1.2
-0.18437,0,0.82681,-1.0156,-1.2
-0.17949,0,0.80908,-1.0205,-1.2
-0.17461,0,0.79131,-1.0254,-1.2
-0.16973,4.8828,-0.20304,-1.0303,-1.2
-0.16973,0,0.77522,-1.0303,-1.2
-0.16484,0,0.75738,-1.0352,-1.2
-0.16484,0,0.75903,-1.0352,-1.2
-0.15996,4.8828,-0.23542,-1.04,-1.2
-0.15996,0,0.74274,-1.04,-1.2
-0.15996,0,0.74434,-1.04,-1.2
-0.15508,0,0.72636,-1.0449,-1.2
-0.15508,0,0.72791,-1.0449,-1.2
-0.1502,0,0.7099,-1.0498,-1.2
-0.1502,0,0.7114,-1.0498,-1.2
-0.1502,0,0.7129,-1.0498,-1.2
-0.1502,0,0.7144,-1.0498,-1.2
-0.15508,0,0.73546,-1.0449,-1.2
-0.15508,0,0.73701,-1.0449,-1.2
-0.15996,0,0.75813,-1.04,-1.2
-0.16484,0,0.77929,-1.0352,-1.2
-0.16973,0,0.80049,-1.0303,-1.2
-0.17461,0,0.82175,-1.0254,-1.2
-0.17949,0,0.84306,-1.0205,-1.2
-0.18926,0,0.88398,-1.0107,-1.2
-0.19414,0,0.90543,-1.0059,-1.2
-0.19902,0,0.92694,-1.001,-1.2
-0.20879,0,0.96807,-0.99121,-1.2
-0.21367,0,0.98973,-0.98633,-1.2
-0.21855,0,1.0114,-0.98145,-1.2
-0.22344,-4.8828,2.0097,-0.97656,-1.2
-0.22344,0,1.0354,-0.97656,-1.2
-0.22344,0,1.0376,-0.97656,-1.2
-0.22344,0,1.0399,-0.97656,-1.2
-0.22344,0,1.0421,-0.97656,-1.2
-0.21855,0,1.0248,-0.98145,-1.2
-0.21367,0,1.0074,-0.98633,-1.2
-0.20879,0,0.98997,-0.99121,-1.2
-0.19902,4.8828,-0.023599,-1.001,-1.2
-0.19414,0,0.93541,-1.0059,-1.2
-0.18926,0,0.91781,-1.0107,-1.2
-0.18437,0,0.90014,-1.0156,-1.2
-0.17949,0,0.88243,-1.0205,-1.2
-0.17461,0,0.86466,-1.0254,-1.2
-0.16973,0,0.84685,-1.0303,-1.2
-0.16484,0,0.82898,-1.0352,-1.2
-0.15996,0,0.81108,-1.04,-1.2
-0.15508,0,0.79312,-1.0449,-1.2
-0.15508,0,0.79467,-1.0449,-1.2
-0.1502,0,0.77664,-1.0498,-1.2
-0.14531,0,0.75859,-1.0547,-1.2
-0.14043,0,0.74048,-1.0596,-1.2
-0.14043,-4.8828,1.7184,-1.0596,-1.2
-0.13066,0,0.70417,-1.0693,-1.2
-0.13066,0,0.70549,-1.0693,-1.2
-0.12578,0,0.68722,-1.0742,-1.2
-0.1209,0,0.66893,-1.0791,-1.2
-0.11602,0,0.65058,-1.084,-1.2
-0.11602,0,0.65174,-1.084,-1.2
-0.11113,0,0.63334,-1.0889,-1.2
-0.11113,0,0.63445,-1.0889,-1.2
-0.11113,0,0.63557,-1.0889,-1.2
-0.11113,0,0.63668,-1.0889,-1.2
-0.11602,-4.8828,1.6339,-1.084,-1.2
-0.11602,0,0.65849,-1.084,-1.2
-0.1209,0,0.67921,-1.0791,-1.2
-0.12578,0,0.69998,-1.0742,-1.2
-0.13066,0,0.72078,-1.0693,-1.2
-0.13555,0,0.74164,-1.0645,-1.2
-0.14043,-4.8828,1.7391,-1.0596,-1.2
-0.14531,-4.8828,1.76,-1.0547,-1.2
-0.14531,0,0.78492,-1.0547,-1.2
-0.15508,-4.8828,1.8021,-1.0449,-1.2
-0.15996,-4.8828,1.8231,-1.04,-1.2
-0.16484,0,0.86775,-1.0352,-1.2
-0.17461,0,0.90851,-1.0254,-1.2
-0.18437,-4.8828,1.9259,-1.0156,-1.2
-0.18926,-4.8828,1.9473,-1.0107,-1.2
-0.19414,0,0.99218,-1.0059,-1.2
-0.19414,0,0.99412,-1.0059,-1.2
-0.19414,0,0.99607,-1.0059,-1.2
-0.18926,0,0.97843,-1.0107,-1.2
-0.18437,0,0.96077,-1.0156,-1.2
-0.17949,0,0.94306,-1.0205,-1.2
-0.17461,0,0.92529,-1.0254,-1.2
-0.16484,0,0.88791,-1.0352,-1.2
-0.15996,0,0.87002,-1.04,-1.2
-0.1502,4.8828,-0.14405,-1.0498,-1.2
-0.14531,4.8828,-0.16208,-1.0547,-1.2
-0.14043,0,0.79639,-1.0596,-1.2
-0.13555,4.8828,-0.1983,-1.0645,-1.2
-0.13066,0,0.76007,-1.0693,-1.2
-0.13066,0,0.76139,-1.0693,-1.2
-0.12578,0,0.74312,-1.0742,-1.2
-0.1209,0,0.72483,-1.0791,-1.2
-0.7209,0,3.1284,-1.0791,-1.8
-0.69648,4.8828,2.0613,-1.1035,-1.8
-0.61348,9.7656,0.7593,-1.1865,-1.8
-0.47676,14.648,-0.75872,-1.3232,-1.8
-0.31074,14.648,-1.4189,-1.4893,-1.8
-0.19355,4.8828,0.06785,-1.6064,-1.8
-0.13008,4.8828,-0.18452,-1.6699,-1.8
-0.086133,4.8828,-0.35926,-1.7139,-1.8
-0.051953,0,0.48124,-1.748,-1.8
-0.012891,4.8828,-0.65125,-1.7871,-1.8
0.011523,0,0.22765,-1.8115,-1.8
0.045703,4.8828,-0.88592,-1.8457,-1.8
0.084766,4.8828,-1.0428,-1.8848,-1.8
0.12383,4.8828,-1.2001,-1.9238,-1.8
0.14824,4.8828,-1.2992,-1.9482,-1.8
0.17266,4.8828,-1.3984,-1.9727,-1.8
0.19707,0,-0.52135,-1.9971,-1.8
0.23125,4.8828,-1.6368,-2.0313,-1.8
0.26055,4.8828,-1.7564,-2.0605,-1.8
0.28496,0,-0.88028,-2.085,-1.8
0.30937,4.8828,-1.9575,-2.1094,-1.8
0.32402,0,-1.0427,-2.124,-1.8
0.33379,0,-1.0851,-2.1338,-1.8
0.33867,0,-1.108,-2.1387,-1.8
0.33379,0,-1.0918,-2.1338,-1.8
0.32402,0,-1.0561,-2.124,-1.8
0.30449,-4.8828,-0.0045062,-2.1045,-1.8
0.28496,-4.8828,0.070676,-2.085,-1.8
0.27031,0,-0.85006,-2.0703,-1.8
0.26055,0,-0.81363,-2.0605,-1.8
0.24102,-4.8828,0.23856,-2.041,-1.8
0.23125,0,-0.70129,-2.0313,-1.8
0.2166,0,-0.64491,-2.0166,-1.8
0.20195,0,-0.58839,-2.002,-1.8
0.1873,0,-0.53174,-1.9873,-1.8
0.17754,-4.8828,0.48206,-1.9775,-1.8
0.17266,0,-0.47671,-1.9727,-1.8
0.17266,0,-0.47843,-1.9727,-1.8
0.17266,0,-0.48017,-1.9727,-1.8
0.18242,0,-0.52102,-1.9824,-1.8
0.19219,0,-0.56196,-1.9922,-1.8
0.20684,4.8828,-1.5991,-2.0068,-1.8
0.21172,0,-0.64416,-2.0117,-1.8
0.22637,0,-0.70497,-2.0264,-1.8
0.23613,4.8828,-1.7229,-2.0361,-1.8
0.2459,4.8828,-1.7644,-2.0459,-1.8
0.25078,0,-0.8098,-2.0508,-1.8
0.25566,0,-0.83187,-2.0557,-1.8
0.26055,0,-0.85399,-2.0605,-1.8
0.26543,0,-0.87614,-2.0654,-1.8
0.26543,4.8828,-1.8553,-2.0654,-1.8
0.26543,0,-0.88143,-2.0654,-1.8
0.26543,0,-0.88409,-2.0654,-1.8
0.27031,0,-0.90632,-2.0703,-1.8
0.27031,0,-0.90902,-2.0703,-1.8
0.27031,0,-0.91172,-2.0703,-1.8
0.26055,-4.8828,0.10125,-2.0605,-1.8
0.26055,0,-0.87792,-2.0605,-1.8
0.25078,-4.8828,0.13515,-2.0508,-1.8
0.25078,0,-0.84392,-2.0508,-1.8
0.24102,0,-0.80731,-2.041,-1.8
0.23613,0,-0.79016,-2.0361,-1.8
0.22637,0,-0.7534,-2.0264,-1.8
0.22148,0,-0.73611,-2.0215,-1.8
0.20684,-4.8828,0.2969,-2.0068,-1.8
0.20195,0,-0.66218,-2.002,-1.8
0.19219,0,-0.62509,-1.9922,-1.8
0.1873,0,-0.60745,-1.9873,-1.8
0.17754,0,-0.5702,-1.9775,-1.8
0.16777,0,-0.53286,-1.9678,-1.8
0.15801,0,-0.49542,-1.958,-1.8
0.14824,-4.8828,0.51867,-1.9482,-1.8
0.14336,0,-0.43983,-1.9434,-1.8
0.13848,0,-0.4217,-1.9385,-1.8
0.12871,-4.8828,0.59259,-1.9287,-1.8
0.12871,0,-0.38526,-1.9287,-1.8
0.12383,0,-0.367,-1.9238,-1.8
0.12383,0,-0.36823,-1.9238,-1.8
0.12383,0,-0.36947,-1.9238,-1.8
0.12871,0,-0.39026,-1.9287,-1.8
0.12871,0,-0.39154,-1.9287,-1.8
0.13359,0,-0.41238,-1.9336,-1.8
0.13359,0,-0.41372,-1.9336,-1.8
0.13848,0,-0.43463,-1.9385,-1.8
0.14336,0,-0.45559,-1.9434,-1.8
0.15312,0,-0.49616,-1.9531,-1.8
0.15801,0,-0.51726,-1.958,-1.8
0.16777,0,-0.55797,-1.9678,-1.8
0.17266,0,-0.57922,-1.9727,-1.8
0.17754,0,-0.60052,-1.9775,-1.8
0.18242,0,-0.62186,-1.9824,-1.8
0.1873,0,-0.64325,-1.9873,-1.8
0.1873,0,-0.64512,-1.9873,-1.8
0.1873,-4.8828,0.32955,-1.9873,-1.8
0.19219,0,-0.66847,-1.9922,-1.8
0.19707,0,-0.68994,-1.9971,-1.8
0.19707,0,-0.69191,-1.9971,-1.8
0.20195,0,-0.71345,-2.002,-1.8
0.20195,0,-0.71547,-2.002,-1.8
0.20684,0,-0.73707,-2.0068,-1.8
0.20684,0,-0.73914,-2.0068,-1.8
0.20684,0,-0.74121,-2.0068,-1.8
0.20195,0,-0.72372,-2.002,-1.8
0.20195,0,-0.72577,-2.002,-1.8
0.20195,0,-0.7278,-2.002,-1.8
0.20195,0,-0.72983,-2.002,-1.8
0.20195,0,-0.73185,-2.002,-1.8
0.19707,-4.8828,0.26223,-1.9971,-1.8
0.19219,0,-0.69675,-1.9922,-1.8
0.1873,0,-0.67913,-1.9873,-1.8
0.18242,0,-0.66145,-1.9824,-1.8
0.17266,0,-0.62414,-1.9727,-1.8
0.15801,-4.8828,0.40936,-1.958,-1.8
0.14824,-4.8828,0.44687,-1.9482,-1.8
0.13848,0,-0.49205,-1.9385,-1.8
0.12383,-4.8828,0.5418,-1.9238,-1.8
0.11895,0,-0.41644,-1.9189,-1.8
0.10918,0,-0.37851,-1.9092,-1.8
0.1043,0,-0.36004,-1.9043,-1.8
0.099414,0,-0.34151,-1.8994,-1.8
0.094531,0,-0.32295,-1.8945,-1.8
0.089648,0,-0.30435,-1.8896,-1.8
0.089648,0,-0.30524,-1.8896,-1.8
0.094531,0,-0.32571,-1.8945,-1.8
0.099414,0,-0.3462,-1.8994,-1.8
0.1043,0,-0.36675,-1.9043,-1.8
0.10918,4.8828,-1.3639,-1.9092,-1.8
0.11406,0,-0.40798,-1.9141,-1.8
0.11406,-4.8828,0.56744,-1.9141,-1.8
0.12383,4.8828,-1.4259,-1.9238,-1.8
0.12383,0,-0.45062,-1.9238,-1.8
0.12871,0,-0.47143,-1.9287,-1.8
0.13359,0,-0.49229,-1.9336,-1.8
0.13848,0,-0.51319,-1.9385,-1.8
0.14336,0,-0.53412,-1.9434,-1.8
0.14336,0,-0.53555,-1.9434,-1.8
0.14824,0,-0.55657,-1.9482,-1.8
0.14824,0,-0.55805,-1.9482,-1.8
0.15312,0,-0.57908,-1.9531,-1.8
0.15312,0,-0.58061,-1.9531,-1.8
0.15801,0,-0.60169,-1.958,-1.8
0.15801,0,-0.60327,-1.958,-1.8
0.16289,0,-0.62439,-1.9629,-1.8
0.16289,0,-0.62602,-1.9629,-1.8
0.16289,0,-0.62765,-1.9629,-1.8
0.16777,0,-0.64886,-1.9678,-1.8
0.16777,0,-0.65054,-1.9678,-1.8
0.17266,4.8828,-1.6483,-1.9727,-1.8
0.17266,0,-0.67351,-1.9727,-1.8
0.17266,0,-0.67523,-1.9727,-1.8
0.17754,0,-0.69652,-1.9775,-1.8
0.17754,0,-0.6983,-1.9775,-1.8
0.17266,0,-0.68051,-1.9727,-1.8
0.16777,0,-0.66269,-1.9678,-1.8
0.16289,0,-0.6448,-1.9629,-1.8
0.15312,0,-0.60732,-1.9531,-1.8
0.14336,0,-0.56974,-1.9434,-1.8
0.13359,0,-0.53206,-1.9336,-1.8
0.12383,0,-0.49427,-1.9238,-1.8
0.11406,0,-0.45638,-1.9141,-1.8
0.099414,0,-0.39882,-1.8994,-1.8
0.089648,0,-0.36071,-1.8896,-1.8
0.084766,0,-0.34204,-1.8848,-1.8
0.075,0,-0.30377,-1.875,-1.8
0.075,4.8828,-1.2811,-1.875,-1.8
0.075,4.8828,-1.2818,-1.875,-1.8
0.075,0,-0.30594,-1.875,-1.8
0.675,0,-2.7109,-1.875,-1.2
0.65059,-4.8828,-1.6433,-1.8506,-1.2
0.55781,-9.7656,-0.30175,-1.7578,-1.2
0.40156,-14.648,1.2951,-1.6016,-1.2
0.27949,-9.7656,0.80351,-1.4795,-1.2
0.22578,0,-0.93722,-1.4258,-1.2
0.18672,-4.8828,0.19355,-1.3867,-1.2
0.14277,-4.8828,0.36772,-1.3428,-1.2
0.098828,-4.8828,0.54231,-1.2988,-1.2
0.059766,-4.8828,0.69779,-1.2598,-1.2
0.030469,-4.8828,0.81452,-1.2305,-1.2
0.010938,0,-0.084092,-1.2109,-1.2
-0.0085937,-4.8828,0.97059,-1.1914,-1.2
-0.033008,-4.8828,1.0685,-1.167,-1.2
-0.057422,0,0.19001,-1.1426,-1.2
-0.076953,0,0.26885,-1.123,-1.2
-0.091602,0,0.3283,-1.1084,-1.2
-0.11113,0,0.40745,-1.0889,-1.2
-0.14043,0,0.52593,-1.0596,-1.2
-0.16484,0,0.62516,-1.0352,-1.2
-0.17949,0,0.68549,-1.0205,-1.2
-0.19902,-4.8828,1.7421,-1.001,-1.2
-0.21367,-4.8828,1.8027,-0.98633,-1.2
-0.22344,0,0.86745,-0.97656,-1.2
-0.2332,0,0.9088,-0.9668,-1.2
-0.2332,0,0.91114,-0.9668,-1.2
-0.2332,0,0.91347,-0.9668,-1.2
-0.22832,0,0.89625,-0.97168,-1.2
-0.21855,0,0.85941,-0.98145,-1.2
-0.20879,0,0.82248,-0.99121,-1.2
-0.19902,0,0.78546,-1.001,-1.2
-0.19414,0,0.76789,-1.0059,-1.2
-0.18926,0,0.75026,-1.0107,-1.2
-0.18926,0,0.75215,-1.0107,-1.2
-0.19414,0,0.77359,-1.0059,-1.2
-0.19902,0,0.79509,-1.001,-1.2
-0.20879,0,0.83621,-0.99121,-1.2
-0.21855,0,0.87743,-0.98145,-1.2
-0.2332,-4.8828,1.9149,-0.9668,-1.2
-0.24785,-4.8828,1.9759,-0.95215,-1.2
-0.25762,-4.8828,2.0174,-0.94238,-1.2
-0.26738,-4.8828,2.0591,-0.93262,-1.2
-0.27227,0,1.1048,-0.92773,-1.2
-0.27227,0,1.1075,-0.92773,-1.2
-0.27715,-4.8828,2.1064,-0.92285,-1.2
-0.27227,0,1.113,-0.92773,-1.2
-0.27227,0,1.1157,-0.92773,-1.2
-0.26738,0,1.0989,-0.93262,-1.2
-0.2625,0,1.082,-0.9375,-1.2
-0.25762,0,1.0651,-0.94238,-1.2
-0.25273,0,1.0481,-0.94727,-1.2
-0.24785,0,1.0311,-0.95215,-1.2
-0.24297,0,1.0141,-0.95703,-1.2
-0.23809,0,0.99693,-0.96191,-1.2
-0.2332,0,0.97976,-0.9668,-1.2
-0.2332,0,0.98209,-0.9668,-1.2
-0.22832,0,0.96484,-0.97168,-1.2
-0.22344,0,0.94757,-0.97656,-1.2
-0.21855,0,0.93025,-0.98145,-1.2
-0.21855,0,0.93244,-0.98145,-1.2
-0.21367,0,0.91505,-0.98633,-1.2
-0.20879,0,0.89764,-0.99121,-1.2
-0.20879,0,0.89972,-0.99121,-1.2
-0.20391,0,0.88225,-0.99609,-1.2
-0.19902,0,0.86473,-1.001,-1.2
-0.19414,0,0.84717,-1.0059,-1.2
-0.18926,0,0.82956,-1.0107,-1.2
-0.18437,0,0.81189,-1.0156,-1.2
-0.17949,0,0.79417,-1.0205,-1.2
-0.17461,0,0.7764,-1.0254,-1.2
-0.16973,0,0.75857,-1.0303,-1.2
-0.15996,0,0.72116,-1.04,-1.2
-0.15508,0,0.70321,-1.0449,-1.2
-0.1502,0,0.68523,-1.0498,-1.2
-0.1502,0,0.68673,-1.0498,-1.2
-0.14531,0,0.66866,-1.0547,-1.2
-0.14531,0,0.67011,-1.0547,-1.2
-0.14531,0,0.67157,-1.0547,-1.2
-0.1502,0,0.69256,-1.0498,-1.2
-0.15508,0,0.71361,-1.0449,-1.2
-0.16484,-4.8828,1.7308,-1.0352,-1.2
-0.16973,0,0.77545,-1.0303,-1.2
-0.17949,0,0.81626,-1.0205,-1.2
-0.18926,0,0.85718,-1.0107,-1.2
-0.19902,0,0.89818,-1.001,-1.2
-0.20391,0,0.91974,-0.99609,-1.2
-0.21367,0,0.96089,-0.98633,-1.2
-0.21855,-4.8828,1.9591,-0.98145,-1.2
-0.22344,0,1.0043,-0.97656,-1.2
-0.22344,0,1.0065,-0.97656,-1.2
-0.22344,0,1.0088,-0.97656,-1.2
-0.22344,0,1.011,-0.97656,-1.2
-0.22832,-4.8828,2.0093,-0.97168,-1.2
-0.22344,0,1.0155,-0.97656,-1.2
-0.22832,-4.8828,2.0138,-0.97168,-1.2
-0.22344,0,1.02,-0.97656,-1.2
-0.22344,-4.8828,1.9987,-0.97656,-1.2
-0.21367,0,0.98529,-0.98633,-1.2
-0.21367,0,0.98743,-0.98633,-1.2
-0.20391,0,0.95044,-0.99609,-1.2
-0.20391,0,0.95248,-0.99609,-1.2
-0.19414,0,0.91541,-1.0059,-1.2
-0.19414,0,0.91735,-1.0059,-1.2
-0.18926,0,0.89973,-1.0107,-1.2
-0.18437,0,0.88206,-1.0156,-1.2
-0.17949,0,0.86436,-1.0205,-1.2
-0.17949,0,0.86615,-1.0205,-1.2
-0.17461,0,0.84838,-1.0254,-1.2
-0.17461,0,0.85013,-1.0254,-1.2
-0.16973,0,0.8323,-1.0303,-1.2
-0.16484,0,0.81444,-1.0352,-1.2
-0.15996,0,0.79654,-1.04,-1.2
-0.15508,4.8828,-0.19797,-1.0449,-1.2
-0.1502,0,0.76059,-1.0498,-1.2
-0.14531,0,0.74252,-1.0547,-1.2
-0.13555,0,0.70485,-1.0645,-1.2
-0.13066,0,0.68663,-1.0693,-1.2
-0.1209,0,0.6488,-1.0791,-1.2
-0.11602,0,0.63045,-1.084,-1.2
-0.11113,0,0.61204,-1.0889,-1.2
-0.11113,-4.8828,1.5897,-1.0889,-1.2
-0.10625,0,0.59467,-1.0938,-1.2
-0.10625,0,0.59574,-1.0938,-1.2
-0.10625,0,0.5968,-1.0938,-1.2
-0.11113,0,0.61741,-1.0889,-1.2
-0.11602,0,0.63808,-1.084,-1.2
-0.12578,0,0.67834,-1.0742,-1.2
-0.13066,0,0.69916,-1.0693,-1.2
-0.14531,-4.8828,1.7357,-1.0547,-1.2
-0.1502,0,0.78013,-1.0498,-1.2
-0.15996,0,0.82075,-1.04,-1.2
-0.16484,0,0.84191,-1.0352,-1.2
-0.17461,0,0.88268,-1.0254,-1.2
-0.17949,0,0.90399,-1.0205,-1.2
-0.18926,-4.8828,1.9214,-1.0107,-1.2
-0.18926,0,0.94675,-1.0107,-1.2
-0.18926,0,0.94864,-1.0107,-1.2
-0.18926,-4.8828,1.9271,-1.0107,-1.2
-0.18926,0,0.95239,-1.0107,-1.2
-0.18437,4.8828,-0.041818,-1.0156,-1.2
-0.18926,0,0.95617,-1.0107,-1.2
-0.18437,4.8828,-0.038042,-1.0156,-1.2
-0.18926,0,0.95994,-1.0107,-1.2
-0.18926,0,0.96183,-1.0107,-1.2
-0.18926,0,0.96372,-1.0107,-1.2
-0.18437,0,0.94608,-1.0156,-1.2
-0.18437,0,0.94792,-1.0156,-1.2
-0.17949,0,0.9302,-1.0205,-1.2
-0.17461,0,0.91243,-1.0254,-1.2
-0.16484,0,0.87505,-1.0352,-1.2
-0.15996,0,0.85713,-1.04,-1.2
-0.1502,4.8828,-0.15694,-1.0498,-1.2
-0.14531,4.8828,-0.17497,-1.0547,-1.2
-0.14043,0,0.78349,-1.0596,-1.2
-0.14043,0,0.7849,-1.0596,-1.2
-0.13555,-4.8828,1.7433,-1.0645,-1.2
-0.13066,0,0.74849,-1.0693,-1.2
-0.12578,0,0.73024,-1.0742,-1.2
-0.12578,0,0.7315,-1.0742,-1.2
-0.1209,0,0.7132,-1.0791,-1.2
-0.1209,0,0.71441,-1.0791,-1.2
-0.11602,0,0.69605,-1.084,-1.2
-0.11113,0,0.67764,-1.0889,-1.2
-0.10625,0,0.6592,-1.0938,-1.2
-0.10137,0,0.64069,-1.0986,-1.2
-0.096484,0,0.62214,-1.1035,-1.2
-0.6916,-600,123,-1.1084,-1.8
-0.67207,4.8828,1.9563,-1.1279,-1.8
-0.60371,9.7656,0.71267,-1.1963,-1.8
-0.47188,14.648,-0.78589,-1.3281,-1.8
-0.30586,19.531,-2.4227,-1.4941,-1.8
-0.18379,9.7656,-0.95554,-1.6162,-1.8
-0.1252,9.7656,-1.1884,-1.6748,-1.8
-0.091016,0,0.62903,-1.709,-1.8
-0.051953,4.8828,-0.5031,-1.748,-1.8
-0.022656,4.8828,-0.61992,-1.7773,-1.8
0.0066406,4.8828,-0.73703,-1.8066,-1.8
0.04082,4.8828,-0.87399,-1.8408,-1.8
0.075,4.8828,-1.0113,-1.875,-1.8
0.099414,0,-0.13331,-1.8994,-1.8
0.12871,4.8828,-1.2282,-1.9287,-1.8
0.15801,0,-0.37027,-1.958,-1.8
0.19219,4.8828,-1.4853,-1.9922,-1.8
0.22148,0,-0.62805,-2.0215,-1.8
0.2459,4.8828,-1.7046,-2.0459,-1.8
0.26543,4.8828,-1.7853,-2.0654,-1.8
0.28008,4.8828,-1.8466,-2.0801,-1.8
0.28496,0,-0.89244,-2.085,-1.8
0.28984,0,-0.91487,-2.0898,-1.8
0.28496,0,-0.89823,-2.085,-1.8
0.2752,0,-0.86197,-2.0752,-1.8
0.26543,0,-0.82561,-2.0654,-1.8
0.25078,0,-0.76957,-2.0508,-1.8
0.23613,0,-0.7134,-2.0361,-1.8
0.22148,0,-0.65708,-2.0215,-1.8
0.21172,0,-0.62019,-2.0117,-1.8
0.20684,0,-0.60274,-2.0068,-1.8
0.20195,0,-0.58524,-2.002,-1.8
0.19707,0,-0.5677,-1.9971,-1.8
0.20195,4.8828,-1.5658,-2.002,-1.8
0.20195,0,-0.59124,-2.002,-1.8
0.21172,4.8828,-1.6089,-2.0117,-1.8
0.2166,0,-0.65405,-2.0166,-1.8
0.22637,0,-0.69533,-2.0264,-1.8
0.23613,4.8828,-1.7133,-2.0361,-1.8
0.2459,4.8828,-1.7547,-2.0459,-1.8
0.25078,0,-0.80018,-2.0508,-1.8
0.26055,0,-0.84182,-2.0605,-1.8
0.26543,0,-0.86401,-2.0654,-1.8
0.2752,0,-0.90578,-2.0752,-1.8
0.28008,0,-0.92807,-2.0801,-1.8
0.28008,0,-0.93087,-2.0801,-1.8
0.28496,0,-0.95324,-2.085,-1.8
0.28496,0,-0.95609,-2.085,-1.8
0.28496,0,-0.95894,-2.085,-1.8
0.28008,0,-0.94222,-2.0801,-1.8
0.2752,0,-0.92546,-2.0752,-1.8
0.27031,0,-0.90866,-2.0703,-1.8
0.26055,0,-0.87224,-2.0605,-1.8
0.25078,0,-0.83573,-2.0508,-1.8
0.24102,0,-0.79911,-2.041,-1.8
0.22637,0,-0.74284,-2.0264,-1.8
0.21172,-4.8828,0.29012,-2.0117,-1.8
0.20195,0,-0.64945,-2.002,-1.8
0.19219,0,-0.61234,-1.9922,-1.8
0.17754,0,-0.55558,-1.9775,-1.8
0.16777,0,-0.51823,-1.9678,-1.8
0.15801,0,-0.48078,-1.958,-1.8
0.14824,0,-0.44322,-1.9482,-1.8
0.14336,0,-0.42515,-1.9434,-1.8
0.13848,0,-0.40701,-1.9385,-1.8
0.13359,0,-0.38884,-1.9336,-1.8
0.13848,4.8828,-1.3863,-1.9385,-1.8
0.13848,0,-0.4111,-1.9385,-1.8
0.14336,0,-0.43203,-1.9434,-1.8
0.14824,0,-0.45303,-1.9482,-1.8
0.15312,0,-0.47406,-1.9531,-1.8
0.15801,0,-0.49515,-1.958,-1.8
0.16289,0,-0.51628,-1.9629,-1.8
0.16777,0,-0.53746,-1.9678,-1.8
0.17266,4.8828,-1.5352,-1.9727,-1.8
0.17266,0,-0.56039,-1.9727,-1.8
0.17266,0,-0.56212,-1.9727,-1.8
0.17754,4.8828,-1.56,-1.9775,-1.8
0.17754,0,-0.58517,-1.9775,-1.8
0.18242,0,-0.60649,-1.9824,-1.8
0.18242,0,-0.60831,-1.9824,-1.8
0.1873,0,-0.62971,-1.9873,-1.8
0.1873,0,-0.63158,-1.9873,-1.8
0.19219,0,-0.65302,-1.9922,-1.8
0.19219,0,-0.65494,-1.9922,-1.8
0.19707,0,-0.67643,-1.9971,-1.8
0.20195,0,-0.69794,-2.002,-1.8
0.20195,0,-0.69996,-2.002,-1.8
0.20684,0,-0.72154,-2.0068,-1.8
0.21172,0,-0.74317,-2.0117,-1.8
0.2166,0,-0.76483,-2.0166,-1.8
0.22148,0,-0.78654,-2.0215,-1.8
0.22148,0,-0.78875,-2.0215,-1.8
0.22148,0,-0.79097,-2.0215,-1.8
0.22148,0,-0.79318,-2.0215,-1.8
0.22148,0,-0.7954,-2.0215,-1.8
0.21172,-4.8828,0.21807,-2.0117,-1.8
0.20684,0,-0.74107,-2.0068,-1.8
0.20195,0,-0.72357,-2.002,-1.8
0.19707,0,-0.70603,-1.9971,-1.8
0.1873,0,-0.66886,-1.9873,-1.8
0.18242,0,-0.65118,-1.9824,-1.8
0.17266,0,-0.61386,-1.9727,-1.8
0.16289,0,-0.57645,-1.9629,-1.8
0.14824,0,-0.51939,-1.9482,-1.8
0.13848,0,-0.48177,-1.9385,-1.8
0.12871,0,-0.44402,-1.9287,-1.8
0.11895,0,-0.40617,-1.9189,-1.8
0.11406,0,-0.38779,-1.9141,-1.8
0.10918,0,-0.36937,-1.9092,-1.8
0.10918,0,-0.37046,-1.9092,-1.8
0.10918,0,-0.37155,-1.9092,-1.8
0.10918,0,-0.37262,-1.9092,-1.8
0.11895,0,-0.41283,-1.9189,-1.8
0.12383,0,-0.43356,-1.9238,-1.8
0.12871,0,-0.45436,-1.9287,-1.8
0.13359,0,-0.4752,-1.9336,-1.8
0.13848,0,-0.4961,-1.9385,-1.8
0.13848,0,-0.49749,-1.9385,-1.8
0.14336,4.8828,-1.495,-1.9434,-1.8
0.14336,0,-0.51982,-1.9434,-1.8
0.14336,0,-0.52126,-1.9434,-1.8
0.13848,0,-0.50311,-1.9385,-1.8
0.13848,0,-0.5045,-1.9385,-1.8
0.13848,0,-0.50589,-1.9385,-1.8
0.13359,0,-0.48772,-1.9336,-1.8
0.13359,0,-0.48905,-1.9336,-1.8
0.13359,0,-0.49039,-1.9336,-1.8
0.13848,4.8828,-1.4878,-1.9385,-1.8
0.13848,0,-0.51265,-1.9385,-1.8
0.14824,4.8828,-1.5297,-1.9482,-1.8
0.15312,0,-0.57417,-1.9531,-1.8
0.16289,4.8828,-1.5914,-1.9629,-1.8
0.16777,0,-0.63598,-1.9678,-1.8
0.17754,4.8828,-1.6533,-1.9775,-1.8
0.18242,0,-0.69809,-1.9824,-1.8
0.1873,0,-0.71948,-1.9873,-1.8
0.19219,0,-0.74091,-1.9922,-1.8
0.19219,0,-0.74283,-1.9922,-1.8
0.19219,0,-0.74475,-1.9922,-1.8
0.19219,0,-0.74668,-1.9922,-1.8
0.1873,0,-0.72903,-1.9873,-1.8
0.17754,0,-0.69178,-1.9775,-1.8
0.17266,0,-0.67399,-1.9727,-1.8
0.16289,0,-0.63659,-1.9629,-1.8
0.14824,-4.8828,0.39701,-1.9482,-1.8
0.14336,0,-0.56147,-1.9434,-1.8
0.12871,-4.8828,0.47234,-1.9287,-1.8
0.12383,0,-0.48594,-1.9238,-1.8
0.10918,-4.8828,0.54806,-1.9092,-1.8
0.1043,0,-0.41003,-1.9043,-1.8
0.094531,0,-0.37195,-1.8945,-1.8
0.089648,0,-0.35333,-1.8896,-1.8
0.084766,0,-0.33467,-1.8848,-1.8
0.084766,0,-0.33552,-1.8848,-1.8
0.079883,-4.8828,0.65973,-1.8799,-1.8
0.084766,0,-0.33719,-1.8848,-1.8
0.079883,-4.8828,0.65806,-1.8799,-1.8
0.084766,0,-0.33887,-1.8848,-1.8
0.084766,0,-0.33971,-1.8848,-1.8
0.089648,0,-0.36011,-1.8896,-1.8
0.084766,-4.8828,0.63509,-1.8848,-1.8
0.094531,4.8828,-1.358,-1.8945,-1.8
0.094531,0,-0.38238,-1.8945,-1.8
0.099414,0,-0.40287,-1.8994,-1.8
0.099414,0,-0.40387,-1.8994,-1.8
0.1043,0,-0.42442,-1.9043,-1.8
0.7043,0,-2.8279,-1.9043,-1.2
0.68965,-4.8828,-1.7997,-1.8896,-1.2
0.62129,-9.7656,-0.55631,-1.8213,-1.2
0.48457,-14.648,0.96164,-1.6846,-1.2
0.34297,-9.7656,0.54746,-1.543,-1.2
0.26973,-4.8828,-0.13909,-1.4697,-1.2
0.23066,-4.8828,0.014662,-1.4307,-1.2
0.18672,-4.8828,0.18838,-1.3867,-1.2
0.13301,-4.8828,0.40165,-1.333,-1.2
0.093945,-4.8828,0.5568,-1.2939,-1.2
0.059766,0,-0.28378,-1.2598,-1.2
0.035352,-4.8828,0.78999,-1.2354,-1.2
0.01582,0,-0.1087,-1.2158,-1.2
0.0011719,0,-0.050181,-1.2012,-1.2
-0.028125,-4.8828,1.0437,-1.1719,-1.2
-0.052539,-4.8828,1.1418,-1.1475,-1.2
-0.067187,0,0.22442,-1.1328,-1.2
-0.086719,-4.8828,1.2799,-1.1133,-1.2
-0.11113,0,0.40197,-1.0889,-1.2
-0.13555,-4.8828,1.4774,-1.0645,-1.2
-0.15508,-4.8828,1.557,-1.0449,-1.2
-0.16973,-4.8828,1.6172,-1.0303,-1.2
-0.18926,0,0.72059,-1.0107,-1.2
-0.20879,0,0.80073,-0.99121,-1.2
-0.22832,0,0.88106,-0.97168,-1.2
-0.24297,0,0.94204,-0.95703,-1.2
-0.25762,0,1.0032,-0.94238,-1.2
-0.26738,0,1.0449,-0.93262,-1.2
-0.27715,0,1.0867,-0.92285,-1.2
-0.27715,0,1.0894,-0.92285,-1.2
-0.28203,0,1.1118,-0.91797,-1.2
-0.27715,0,1.095,-0.92285,-1.2
-0.27715,0,1.0978,-0.92285,-1.2
-0.26738,0,1.0614,-0.93262,-1.2
-0.26738,0,1.0641,-0.93262,-1.2
-0.2625,0,1.0472,-0.9375,-1.2
-0.2625,0,1.0498,-0.9375,-1.2
-0.25762,0,1.0329,-0.94238,-1.2
-0.2625,0,1.055,-0.9375,-1.2
-0.25762,0,1.0381,-0.94238,-1.2
-0.2625,-4.8828,2.0368,-0.9375,-1.2
-0.25273,0,1.0237,-0.94727,-1.2
-0.25273,0,1.0262,-0.94727,-1.2
-0.24785,0,1.0092,-0.95215,-1.2
-0.24785,0,1.0117,-0.95215,-1.2
-0.24297,4.8828,0.018047,-0.95703,-1.2
-0.24785,0,1.0166,-0.95215,-1.2
-0.24297,0,0.99951,-0.95703,-1.2
-0.24297,0,1.0019,-0.95703,-1.2
-0.23809,0,0.98482,-0.96191,-1.2
-0.23809,0,0.9872,-0.96191,-1.2
-0.2332,0,0.97001,-0.9668,-1.2
-0.22832,0,0.95278,-0.97168,-1.2
-0.22344,0,0.9355,-0.97656,-1.2
-0.21855,0,0.91816,-0.98145,-1.2
-0.20879,0,0.88121,-0.99121,-1.2
-0.19902,4.8828,-0.13237,-1.001,-1.2
-0.18926,4.8828,-0.16949,-1.0107,-1.2
-0.18437,0,0.78943,-1.0156,-1.2
-0.17949,0,0.77171,-1.0205,-1.2
-0.17461,0,0.75393,-1.0254,-1.2
-0.16484,0,0.71655,-1.0352,-1.2
-0.16484,0,0.7182,-1.0352,-1.2
-0.15996,0,0.70027,-1.04,-1.2
-0.15996,0,0.70187,-1.04,-1.2
-0.15996,0,0.70347,-1.04,-1.2
-0.16484,0,0.72462,-1.0352,-1.2
-0.16484,0,0.72627,-1.0352,-1.2
-0.16973,0,0.74749,-1.0303,-1.2
-0.17461,0,0.76875,-1.0254,-1.2
-0.18437,0,0.80961,-1.0156,-1.2
-0.18926,0,0.83099,-1.0107,-1.2
-0.19902,0,0.87199,-1.001,-1.2
-0.20391,0,0.89353,-0.99609,-1.2
-0.21367,0,0.93467,-0.98633,-1.2
-0.21855,0,0.95635,-0.98145,-1.2
-0.22344,0,0.97809,-0.97656,-1.2
-0.22832,0,0.99989,-0.97168,-1.2
-0.2332,0,1.0217,-0.9668,-1.2
-0.2332,0,1.0241,-0.9668,-1.2
-0.2332,0,1.0264,-0.9668,-1.2
-0.2332,0,1.0287,-0.9668,-1.2
-0.2332,0,1.0311,-0.9668,-1.2
-0.2332,0,1.0334,-0.9668,-1.2
-0.22832,4.8828,0.039588,-0.97168,-1.2
-0.22344,0,0.99888,-0.97656,-1.2
-0.22344,0,1.0011,-0.97656,-1.2
-0.21855,0,0.98377,-0.98145,-1.2
-0.21367,0,0.96637,-0.98633,-1.2
-0.20879,0,0.94894,-0.99121,-1.2
-0.20879,0,0.95103,-0.99121,-1.2
-0.20879,0,0.9531,-0.99121,-1.2
-0.20391,0,0.93563,-0.99609,-1.2
-0.20391,0,0.93767,-0.99609,-1.2
-0.20391,0,0.9397,-0.99609,-1.2
-0.20391,0,0.94174,-0.99609,-1.2
-0.19902,0,0.92422,-1.001,-1.2
-0.19902,0,0.92621,-1.001,-1.2
-0.19414,0,0.90862,-1.0059,-1.2
-0.18926,0,0.89099,-1.0107,-1.2
-0.18437,0,0.87331,-1.0156,-1.2
-0.17461,4.8828,-0.14053,-1.0254,-1.2
-0.16973,0,0.81824,-1.0303,-1.2
-0.16484,0,0.80037,-1.0352,-1.2
-0.15508,0,0.7629,-1.0449,-1.2
-0.14531,4.8828,-0.25122,-1.0547,-1.2
-0.14043,0,0.70725,-1.0596,-1.2
-0.13555,0,0.68909,-1.0645,-1.2
-0.13066,0,0.67086,-1.0693,-1.2
-0.12578,0,0.65259,-1.0742,-1.2
-0.1209,0,0.63428,-1.0791,-1.2
-0.1209,0,0.63549,-1.0791,-1.2
-0.12578,-4.8828,1.6328,-1.0742,-1.2
-0.12578,0,0.65747,-1.0742,-1.2
-0.12578,4.8828,-0.31783,-1.0742,-1.2
-0.13066,0,0.67956,-1.0693,-1.2
-0.13555,0,0.70043,-1.0645,-1.2
-0.14531,0,0.74091,-1.0547,-1.2
-0.15508,0,0.78147,-1.0449,-1.2
-0.15996,0,0.80258,-1.04,-1.2
-0.16973,0,0.84331,-1.0303,-1.2
-0.17461,0,0.86456,-1.0254,-1.2
-0.18437,0,0.90543,-1.0156,-1.2
-0.18926,0,0.92682,-1.0107,-1.2
-0.19414,0,0.94827,-1.0059,-1.2
-0.19414,0,0.95022,-1.0059,-1.2
-0.19902,0,0.97172,-1.001,-1.2
-0.19902,0,0.9737,-1.001,-1.2
-0.19414,0,0.95613,-1.0059,-1.2
-0.19414,0,0.95807,-1.0059,-1.2
-0.18926,0,0.94045,-1.0107,-1.2
-0.18926,0,0.94234,-1.0107,-1.2
-0.18437,0,0.92468,-1.0156,-1.2
-0.18437,0,0.92652,-1.0156,-1.2
-0.18437,0,0.92837,-1.0156,-1.2
-0.18437,0,0.93021,-1.0156,-1.2
-0.18437,0,0.93205,-1.0156,-1.2
-0.18437,0,0.9339,-1.0156,-1.2
-0.18437,0,0.93574,-1.0156,-1.2
-0.17949,0,0.91802,-1.0205,-1.2
-0.17461,4.8828,-0.076284,-1.0254,-1.2
-0.16973,4.8828,-0.094069,-1.0303,-1.2
-0.16973,0,0.8842,-1.0303,-1.2
-0.16484,0,0.86633,-1.0352,-1.2
-0.15508,0,0.82886,-1.0449,-1.2
-0.1502,0,0.81086,-1.0498,-1.2
-0.14531,0,0.79282,-1.0547,-1.2
-0.14043,0,0.77471,-1.0596,-1.2
-0.13555,0,0.75656,-1.0645,-1.2
-0.13066,0,0.73835,-1.0693,-1.2
-0.12578,0,0.7201,-1.0742,-1.2
-0.1209,0,0.70179,-1.0791,-1.2
-0.11602,0,0.68346,-1.084,-1.2
-0.11113,0,0.66508,-1.0889,-1.2
-0.10625,4.8828,-0.32991,-1.0938,-1.2
-0.10625,0,0.64772,-1.0938,-1.2
-0.10137,0,0.62923,-1.0986,-1.2
-0.10137,0,0.63025,-1.0986,-1.2
-0.10137,-4.8828,1.6078,-1.0986,-1.2
-0.096484,0,0.6127,-1.1035,-1.2
-0.10137,0,0.63324,-1.0986,-1.2
-0.10137,0,0.63425,-1.0986,-1.2
-0.10625,-4.8828,1.6314,-1.0938,-1.2
-0.10625,4.8828,-0.32068,-1.0938,-1.2
-0.11602,-4.8828,1.6726,-1.084,-1.2
-0.11602,0,0.69723,-1.084,-1.2
-0.1209,0,0.71796,-1.0791,-1.2
-0.72578,0,3.1429,-1.0742,-1.8
-0.69648,9.7656,1.0798,-1.1035,-1.8
-0.60859,9.7656,0.73476,-1.1914,-1.8
-0.47188,14.648,-0.78332,-1.3281,-1.8
-0.31074,14.648,-1.424,-1.4893,-1.8
-0.19844,9.7656,-0.89428,-1.6016,-1.8
-0.14473,4.8828,-0.13089,-1.6553,-1.8
-0.11055,0,0.71022,-1.6895,-1.8
-0.076367,4.8828,-0.40214,-1.7236,-1.8
-0.04707,4.8828,-0.5187,-1.7529,-1.8
-0.012891,4.8828,-0.65513,-1.7871,-1.8
0.016406,4.8828,-0.77232,-1.8164,-1.8
0.045703,0,0.086725,-1.8457,-1.8
0.079883,4.8828,-1.0272,-1.8799,-1.8
0.10918,0,-0.16878,-1.9092,-1.8
0.14336,4.8828,-1.2833,-1.9434,-1.8
0.17266,0,-0.42556,-1.9727,-1.8
0.20195,0,-0.54464,-2.002,-1.8
0.23125,4.8828,-1.6406,-2.0313,-1.8
0.25566,0,-0.76412,-2.0557,-1.8
0.28008,0,-0.86448,-2.0801,-1.8
0.29961,4.8828,-1.9221,-2.0996,-1.8
0.30937,0,-0.98762,-2.1094,-1.8
0.31426,0,-1.0103,-2.1143,-1.8
0.31914,0,-1.033,-2.1191,-1.8
0.31426,0,-1.0166,-2.1143,-1.8
0.30937,0,-1.0002,-2.1094,-1.8
0.29473,-4.8828,0.03193,-2.0947,-1.8
0.28496,0,-0.90848,-2.085,-1.8
0.27031,-4.8828,0.12391,-2.0703,-1.8
0.26055,0,-0.81625,-2.0605,-1.8
0.25078,0,-0.77974,-2.0508,-1.8
0.24102,-4.8828,0.23342,-2.041,-1.8
0.23613,0,-0.726,-2.0361,-1.8
0.23613,0,-0.72836,-2.0361,-1.8
0.23613,0,-0.73071,-2.0361,-1.8
0.23613,0,-0.73307,-2.0361,-1.8
0.24102,0,-0.75498,-2.041,-1.8
0.24102,0,-0.75739,-2.041,-1.8
0.2459,0,-0.77936,-2.0459,-1.8
0.25078,0,-0.80137,-2.0508,-1.8
0.25078,0,-0.80387,-2.0508,-1.8
0.25078,0,-0.80638,-2.0508,-1.8
0.2459,-4.8828,0.18723,-2.0459,-1.8
0.25078,0,-0.81135,-2.0508,-1.8
0.25078,0,-0.81385,-2.0508,-1.8
0.2459,0,-0.79682,-2.0459,-1.8
0.24102,0,-0.77972,-2.041,-1.8
0.23125,0,-0.74301,-2.0313,-1.8
0.22148,0,-0.70619,-2.0215,-1.8
0.20684,0,-0.64972,-2.0068,-1.8
0.19219,-4.8828,0.38345,-1.9922,-1.8
0.18242,0,-0.55592,-1.9824,-1.8
0.17266,0,-0.51862,-1.9727,-1.8
0.16289,0,-0.48123,-1.9629,-1.8
0.15801,0,-0.46327,-1.958,-1.8
0.14824,-4.8828,0.55082,-1.9482,-1.8
0.15312,4.8828,-1.4233,-1.9531,-1.8
0.15312,0,-0.44827,-1.9531,-1.8
0.15312,0,-0.4498,-1.9531,-1.8
0.15801,0,-0.4709,-1.958,-1.8
0.16289,0,-0.49204,-1.9629,-1.8
0.16777,0,-0.51322,-1.9678,-1.8
0.17266,0,-0.53445,-1.9727,-1.8
0.17266,0,-0.53618,-1.9727,-1.8
0.17754,0,-0.55746,-1.9775,-1.8
0.17754,0,-0.55924,-1.9775,-1.8
0.17754,0,-0.56101,-1.9775,-1.8
0.17754,0,-0.56279,-1.9775,-1.8
0.17754,0,-0.56457,-1.9775,-1.8
0.17266,-4.8828,0.42976,-1.9727,-1.8
0.17754,0,-0.5681,-1.9775,-1.8
0.17754,0,-0.56987,-1.9775,-1.8
0.17754,0,-0.57165,-1.9775,-1.8
0.18242,0,-0.59299,-1.9824,-1.8
0.19219,4.8828,-1.6105,-1.9922,-1.8
0.19707,4.8828,-1.6319,-1.9971,-1.8
0.20684,4.8828,-1.673,-2.0068,-1.8
0.21172,0,-0.71805,-2.0117,-1.8
0.22148,0,-0.75929,-2.0215,-1.8
0.22637,0,-0.78107,-2.0264,-1.8
0.23613,0,-0.82245,-2.0361,-1.8
0.23613,0,-0.82481,-2.0361,-1.8
0.23613,-4.8828,0.14938,-2.0361,-1.8
0.23125,-4.8828,0.16655,-2.0313,-1.8
0.23613,0,-0.83188,-2.0361,-1.8
0.23613,0,-0.83424,-2.0361,-1.8
0.23613,0,-0.83661,-2.0361,-1.8
0.22637,0,-0.79986,-2.0264,-1.8
0.2166,-4.8828,0.21354,-2.0166,-1.8
0.20195,-4.8828,0.27002,-2.002,-1.8
0.19219,0,-0.66945,-1.9922,-1.8
0.17754,0,-0.6127,-1.9775,-1.8
0.16777,0,-0.57535,-1.9678,-1.8
0.15312,0,-0.51833,-1.9531,-1.8
0.13848,-4.8828,0.51537,-1.9385,-1.8
0.12871,0,-0.42348,-1.9287,-1.8
0.12383,0,-0.40521,-1.9238,-1.8
0.11895,0,-0.38689,-1.9189,-1.8
0.11895,0,-0.38808,-1.9189,-1.8
0.11895,0,-0.38927,-1.9189,-1.8
0.12383,0,-0.41,-1.9238,-1.8
0.12383,0,-0.41124,-1.9238,-1.8
0.12871,0,-0.43203,-1.9287,-1.8
0.12871,0,-0.43332,-1.9287,-1.8
0.13359,0,-0.45417,-1.9336,-1.8
0.13359,0,-0.45551,-1.9336,-1.8
0.13359,-4.8828,0.51971,-1.9336,-1.8
0.13359,0,-0.45819,-1.9336,-1.8
0.13848,0,-0.47909,-1.9385,-1.8
0.13848,0,-0.48048,-1.9385,-1.8
0.13848,0,-0.48186,-1.9385,-1.8
0.13848,0,-0.48325,-1.9385,-1.8
0.13848,0,-0.48463,-1.9385,-1.8
0.13848,0,-0.48602,-1.9385,-1.8
0.13848,0,-0.4874,-1.9385,-1.8
0.13848,0,-0.48878,-1.9385,-1.8
0.14336,0,-0.50972,-1.9434,-1.8
0.14336,0,-0.51114,-1.9434,-1.8
0.14824,0,-0.53214,-1.9482,-1.8
0.15312,0,-0.55319,-1.9531,-1.8
0.16289,0,-0.59383,-1.9629,-1.8
0.16777,0,-0.61501,-1.9678,-1.8
0.17266,-4.8828,0.34031,-1.9727,-1.8
0.18242,0,-0.67711,-1.9824,-1.8
0.1873,0,-0.6985,-1.9873,-1.8
0.19219,0,-0.71995,-1.9922,-1.8
0.19707,0,-0.74144,-1.9971,-1.8
0.19707,4.8828,-1.72,-1.9971,-1.8
0.19219,-4.8828,0.25072,-1.9922,-1.8
0.1873,0,-0.70823,-1.9873,-1.8
0.18242,-4.8828,0.286,-1.9824,-1.8
0.17266,-4.8828,0.32326,-1.9727,-1.8
0.16777,0,-0.63549,-1.9678,-1.8
0.15801,-4.8828,0.37848,-1.958,-1.8
0.15312,0,-0.58011,-1.9531,-1.8
0.13848,-4.8828,0.4536,-1.9385,-1.8
0.13359,0,-0.5048,-1.9336,-1.8
0.12383,0,-0.467,-1.9238,-1.8
0.11406,-4.8828,0.54743,-1.9141,-1.8
0.10918,0,-0.41072,-1.9092,-1.8
0.1043,0,-0.39225,-1.9043,-1.8
0.099414,0,-0.37373,-1.8994,-1.8
0.099414,0,-0.37472,-1.8994,-1.8
0.099414,0,-0.37572,-1.8994,-1.8
0.099414,0,-0.37671,-1.8994,-1.8
0.099414,0,-0.3777,-1.8994,-1.8
0.099414,0,-0.37869,-1.8994,-1.8
0.099414,0,-0.37969,-1.8994,-1.8
0.1043,0,-0.40025,-1.9043,-1.8
0.1043,0,-0.4013,-1.9043,-1.8
0.10918,0,-0.4219,-1.9092,-1.8
0.10918,4.8828,-1.3995,-1.9092,-1.8
0.10918,0,-0.42408,-1.9092,-1.8
0.10918,0,-0.42517,-1.9092,-1.8
0.1043,-4.8828,0.56984,-1.9043,-1.8
0.1043,0,-0.40777,-1.9043,-1.8
0.1043,0,-0.40881,-1.9043,-1.8
0.099414,0,-0.3903,-1.8994,-1.8
0.099414,0,-0.3913,-1.8994,-1.8
0.099414,0,-0.3923,-1.8994,-1.8
0.1043,0,-0.41287,-1.9043,-1.8
0.10918,4.8828,-1.41,-1.9092,-1.8
0.10918,0,-0.43454,-1.9092,-1.8
0.11895,4.8828,-1.4513,-1.9189,-1.8
0.12383,0,-0.49549,-1.9238,-1.8
0.72871,600,-122.92,-1.9287,-1.2
0.73359,0,-2.9438,-1.9336,-1.2
0.69453,-4.8828,-1.8181,-1.8945,-1.2
0.58711,-14.648,0.55827,-1.7871,-1.2
0.44063,-14.648,1.1391,-1.6406,-1.2
0.32344,-9.7656,0.62762,-1.5234,-1.2
0.26484,0,-1.094,-1.4648,-1.2
0.2209,-4.8828,0.055943,-1.4209,-1.2
0.17695,-4.8828,0.22974,-1.377,-1.2
0.13301,0,-0.57256,-1.333,-1.2
0.089063,-4.8828,0.57871,-1.2891,-1.2
0.059766,0,-0.28138,-1.2598,-1.2
0.035352,0,-0.18417,-1.2354,-1.2
0.01582,-4.8828,0.87025,-1.2158,-1.2
-0.0085937,-4.8828,0.96785,-1.1914,-1.2
-0.033008,-4.8828,1.0657,-1.167,-1.2
-0.052539,0,0.16772,-1.1475,-1.2
-0.067187,0,0.22691,-1.1328,-1.2
-0.096484,-4.8828,1.3215,-1.1035,-1.2
-0.12578,-4.8828,1.4398,-1.0742,-1.2
-0.14043,0,0.52317,-1.0596,-1.2
-0.15508,-4.8828,1.5598,-1.0449,-1.2
-0.17461,0,0.66299,-1.0254,-1.2
-0.20391,-4.8828,1.7587,-0.99609,-1.2
-0.22344,-4.8828,1.8389,-0.97656,-1.2
-0.23809,0,0.92325,-0.96191,-1.2
-0.25762,-4.8828,1.9804,-0.94238,-1.2
-0.27227,0,1.0651,-0.92773,-1.2
-0.28203,0,1.1069,-0.91797,-1.2
-0.2918,0,1.1489,-0.9082,-1.2
-0.29668,0,1.1714,-0.90332,-1.2
-0.29668,0,1.1743,-0.90332,-1.2
-0.2918,0,1.1578,-0.9082,-1.2
-0.28203,4.8828,0.14501,-0.91797,-1.2
-0.27227,0,1.0853,-0.92773,-1.2
-0.2625,0,1.0489,-0.9375,-1.2
-0.25273,0,1.0124,-0.94727,-1.2
-0.24297,0,0.97578,-0.95703,-1.2
-0.23809,0,0.95864,-0.96191,-1.2
-0.2332,0,0.94144,-0.9668,-1.2
-0.22832,0,0.92423,-0.97168,-1.2
-0.22832,0,0.92651,-0.97168,-1.2
-0.22832,0,0.92881,-0.97168,-1.2
-0.22832,0,0.9311,-0.97168,-1.2
-0.22832,0,0.93338,-0.97168,-1.2
-0.22344,0,0.9161,-0.97656,-1.2
-0.21855,0,0.89879,-0.98145,-1.2
-0.21367,0,0.88141,-0.98633,-1.2
-0.20391,4.8828,-0.13212,-0.99609,-1.2
-0.19902,0,0.82693,-1.001,-1.2
-0.18926,0,0.7898,-1.0107,-1.2
-0.17949,0,0.75258,-1.0205,-1.2
-0.16973,4.8828,-0.26129,-1.0303,-1.2
-0.16484,0,0.69742,-1.0352,-1.2
-0.15996,0,0.67952,-1.04,-1.2
-0.15996,0,0.68112,-1.04,-1.2
-0.15996,0,0.68272,-1.04,-1.2
-0.16484,0,0.70388,-1.0352,-1.2
-0.17461,0,0.74466,-1.0254,-1.2
-0.18437,0,0.78551,-1.0156,-1.2
-0.19414,0,0.82648,-1.0059,-1.2
-0.20391,0,0.86755,-0.99609,-1.2
-0.21367,0,0.90871,-0.98633,-1.2
-0.21855,0,0.93041,-0.98145,-1.2
-0.22832,0,0.97174,-0.97168,-1.2
-0.22832,0,0.97402,-0.97168,-1.2
-0.2332,0,0.99588,-0.9668,-1.2
-0.2332,0,0.99821,-0.9668,-1.2
-0.2332,0,1.0006,-0.9668,-1.2
-0.2332,0,1.0029,-0.9668,-1.2
-0.2332,0,1.0052,-0.9668,-1.2
-0.22832,0,0.98801,-0.97168,-1.2
-0.22832,0,0.99029,-0.97168,-1.2
-0.22344,0,0.97301,-0.97656,-1.2
-0.22344,0,0.97525,-0.97656,-1.2
-0.21855,0,0.95792,-0.98145,-1.2
-0.21367,0,0.94056,-0.98633,-1.2
-0.21367,0,0.9427,-0.98633,-1.2
-0.20879,0,0.9253,-0.99121,-1.2
-0.20879,0,0.92739,-0.99121,-1.2
-0.21367,-4.8828,1.9256,-0.98633,-1.2
-0.21367,0,0.95118,-0.98633,-1.2
-0.21367,0,0.95332,-0.98633,-1.2
-0.21367,0,0.95545,-0.98633,-1.2
-0.21855,0,0.97717,-0.98145,-1.2
-0.21855,0,0.97935,-0.98145,-1.2
-0.21855,0,0.98154,-0.98145,-1.2
-0.21367,0,0.96416,-0.98633,-1.2
-0.20879,0,0.94674,-0.99121,-1.2
-0.19902,0,0.90971,-1.001,-1.2
-0.18926,0,0.87259,-1.0107,-1.2
-0.17949,0,0.83537,-1.0205,-1.2
-0.16973,0,0.79806,-1.0303,-1.2
-0.15996,0,0.76063,-1.04,-1.2
-0.1502,0,0.72313,-1.0498,-1.2
-0.14531,0,0.70508,-1.0547,-1.2
-0.14043,0,0.68698,-1.0596,-1.2
-0.13555,0,0.6688,-1.0645,-1.2
-0.13555,0,0.67016,-1.0645,-1.2
-0.13555,-4.8828,1.648,-1.0645,-1.2
-0.13066,0,0.65328,-1.0693,-1.2
-0.13066,0,0.65459,-1.0693,-1.2
-0.13555,-4.8828,1.652,-1.0645,-1.2
-0.13555,-4.8828,1.6533,-1.0645,-1.2
-0.14043,0,0.69767,-1.0596,-1.2
-0.14531,-4.8828,1.6952,-1.0547,-1.2
-0.1502,0,0.73962,-1.0498,-1.2
-0.15508,0,0.76068,-1.0449,-1.2
-0.16484,0,0.80135,-1.0352,-1.2
-0.16973,0,0.82256,-1.0303,-1.2
-0.17949,0,0.86338,-1.0205,-1.2
-0.18437,0,0.88473,-1.0156,-1.2
-0.18926,0,0.90616,-1.0107,-1.2
-0.19414,0,0.92762,-1.0059,-1.2
-0.19902,0,0.94912,-1.001,-1.2
-0.19902,0,0.9511,-1.001,-1.2
-0.19902,-4.8828,1.9297,-1.001,-1.2
-0.19414,0,0.93552,-1.0059,-1.2
-0.19414,0,0.93749,-1.0059,-1.2
-0.19414,0,0.93943,-1.0059,-1.2
-0.19414,0,0.94137,-1.0059,-1.2
-0.19414,-4.8828,1.9199,-1.0059,-1.2
-0.18926,0,0.92568,-1.0107,-1.2
-0.18926,0,0.92758,-1.0107,-1.2
-0.18926,0,0.92947,-1.0107,-1.2
-0.18926,0,0.93136,-1.0107,-1.2
-0.18926,0,0.93325,-1.0107,-1.2
-0.18926,0,0.93514,-1.0107,-1.2
-0.18926,0,0.93704,-1.0107,-1.2
-0.18926,0,0.93893,-1.0107,-1.2
-0.18437,4.8828,-0.055278,-1.0156,-1.2
-0.18437,0,0.92314,-1.0156,-1.2
-0.17949,4.8828,-0.071117,-1.0205,-1.2
-0.17949,0,0.90724,-1.0205,-1.2
-0.17461,0,0.88948,-1.0254,-1.2
-0.16973,0,0.87165,-1.0303,-1.2
-0.15996,0,0.83424,-1.04,-1.2
-0.15508,0,0.81628,-1.0449,-1.2
-0.14531,0,0.7787,-1.0547,-1.2
-0.13555,0,0.74102,-1.0645,-1.2
-0.12578,0,0.70327,-1.0742,-1.2
-0.1209,0,0.68497,-1.0791,-1.2
-0.11113,4.8828,-0.32948,-1.0889,-1.2
-0.10625,0,0.62864,-1.0938,-1.2
-0.10137,0,0.61015,-1.0986,-1.2
-0.10137,0,0.61117,-1.0986,-1.2
-0.096484,4.8828,-0.38393,-1.1035,-1.2
-0.10137,0,0.61317,-1.0986,-1.2
-0.10137,0,0.61418,-1.0986,-1.2
-0.10625,0,0.63473,-1.0938,-1.2
-0.10625,4.8828,-0.34075,-1.0938,-1.2
-0.11602,0,0.676,-1.084,-1.2
-0.1209,0,0.69674,-1.0791,-1.2
-0.13066,0,0.73706,-1.0693,-1.2
-0.13555,-4.8828,1.7345,-1.0645,-1.2
-0.14043,0,0.77882,-1.0596,-1.2
-0.14531,0,0.79978,-1.0547,-1.2
-0.1502,0,0.82077,-1.0498,-1.2
-0.1502,0,0.82227,-1.0498,-1.2
-0.15508,0,0.84332,-1.0449,-1.2
-0.15508,0,0.84487,-1.0449,-1.2
-0.15996,0,0.86599,-1.04,-1.2
-0.15996,0,0.86759,-1.04,-1.2
-0.16484,0,0.88875,-1.0352,-1.2
-0.16484,0,0.8904,-1.0352,-1.2
-0.16973,0,0.91159,-1.0303,-1.2
-0.16484,0,0.89374,-1.0352,-1.2
-0.76973,0,3.3174,-1.0303,-1.8
-0.7502,4.8828,2.2703,-1.0498,-1.8
-0.67207,9.7656,0.98834,-1.1279,-1.8
-0.54512,14.648,-0.48997,-1.2549,-1.8
-0.40352,14.648,-1.0517,-1.3965,-1.8
-0.25215,9.7656,-0.67743,-1.5479,-1.8
-0.15938,4.8828,-0.070014,-1.6406,-1.8
-0.11055,4.8828,-0.26401,-1.6895,-1.8
-0.08125,0,0.5963,-1.7188,-1.8
-0.04707,4.8828,-0.51636,-1.7529,-1.8
-0.022656,0,0.36289,-1.7773,-1.8
0.016406,0,0.20663,-1.8164,-1.8
0.045703,0,0.089094,-1.8457,-1.8
0.075,4.8828,-1.0053,-1.875,-1.8
0.10918,4.8828,-1.1429,-1.9092,-1.8
0.14824,4.8828,-1.3005,-1.9482,-1.8
0.17266,0,-0.4232,-1.9727,-1.8
0.19707,0,-0.52273,-1.9971,-1.8
0.22637,4.8828,-1.6186,-2.0264,-1.8
0.25566,4.8828,-1.7382,-2.0557,-1.8
0.28008,0,-0.86201,-2.0801,-1.8
0.30937,0,-0.98218,-2.1094,-1.8
0.32891,0,-1.0635,-2.1289,-1.8
0.34844,0,-1.1451,-2.1484,-1.8
0.36309,0,-1.2072,-2.1631,-1.8
0.37285,0,-1.25,-2.1729,-1.8
0.37773,0,-1.2733,-2.1777,-1.8
0.38262,0,-1.2966,-2.1826,-1.8
0.37773,0,-1.2809,-2.1777,-1.8
0.37285,0,-1.2651,-2.1729,-1.8
0.36309,0,-1.2297,-2.1631,-1.8
0.35332,0,-1.1943,-2.1533,-1.8
0.33379,0,-1.1195,-2.1338,-1.8
0.31914,0,-1.0642,-2.1191,-1.8
0.29961,0,-0.98915,-2.0996,-1.8
0.28496,0,-0.93347,-2.085,-1.8
0.27031,0,-0.87765,-2.0703,-1.8
0.25566,0,-0.82167,-2.0557,-1.8
0.23613,-4.8828,0.23056,-2.0361,-1.8
0.22637,0,-0.70926,-2.0264,-1.8
0.20684,-4.8828,0.34328,-2.0068,-1.8
0.19707,0,-0.59625,-1.9971,-1.8
0.18242,0,-0.53955,-1.9824,-1.8
0.17754,0,-0.52182,-1.9775,-1.8
0.16777,0,-0.48446,-1.9678,-1.8
0.16289,0,-0.4666,-1.9629,-1.8
0.16289,0,-0.46823,-1.9629,-1.8
0.16289,0,-0.46986,-1.9629,-1.8
0.16289,0,-0.47148,-1.9629,-1.8
0.16289,0,-0.47311,-1.9629,-1.8
0.16289,0,-0.47474,-1.9629,-1.8
0.16777,0,-0.49595,-1.9678,-1.8
0.16777,0,-0.49762,-1.9678,-1.8
0.16777,0,-0.49931,-1.9678,-1.8
0.16777,0,-0.50099,-1.9678,-1.8
0.17266,0,-0.52223,-1.9727,-1.8
0.17266,0,-0.52395,-1.9727,-1.8
0.17266,0,-0.52569,-1.9727,-1.8
0.17754,4.8828,-1.5235,-1.9775,-1.8
0.18242,0,-0.5683,-1.9824,-1.8
0.1873,4.8828,-1.5662,-1.9873,-1.8
0.19219,0,-0.61109,-1.9922,-1.8
0.19219,0,-0.61302,-1.9922,-1.8
0.19707,0,-0.63452,-1.9971,-1.8
0.20195,0,-0.65606,-2.002,-1.8
0.20684,4.8828,-1.6542,-2.0068,-1.8
0.20684,0,-0.6797,-2.0068,-1.8
0.21172,0,-0.70134,-2.0117,-1.8
0.2166,0,-0.72303,-2.0166,-1.8
0.22148,0,-0.74477,-2.0215,-1.8
0.22637,4.8828,-1.7431,-2.0264,-1.8
0.22637,0,-0.7688,-2.0264,-1.8
0.23125,0,-0.79063,-2.0313,-1.8
0.23125,0,-0.79294,-2.0313,-1.8
0.23613,4.8828,-1.7914,-2.0361,-1.8
0.23125,-4.8828,0.17893,-2.0313,-1.8
0.23125,0,-0.79995,-2.0313,-1.8
0.23613,0,-0.82184,-2.0361,-1.8
0.23125,0,-0.80465,-2.0313,-1.8
0.22637,0,-0.78742,-2.0264,-1.8
0.2166,0,-0.75057,-2.0166,-1.8
0.20684,0,-0.71362,-2.0068,-1.8
0.19219,0,-0.65701,-1.9922,-1.8
0.18242,0,-0.61982,-1.9824,-1.8
0.16777,0,-0.56297,-1.9678,-1.8
0.15801,0,-0.52554,-1.958,-1.8
0.14824,0,-0.48802,-1.9482,-1.8
0.14336,0,-0.46995,-1.9434,-1.8
0.13848,4.8828,-1.4284,-1.9385,-1.8
0.13359,0,-0.43362,-1.9336,-1.8
0.13848,0,-0.4545,-1.9385,-1.8
0.13848,0,-0.45589,-1.9385,-1.8
0.13848,0,-0.45727,-1.9385,-1.8
0.14336,4.8828,-1.4548,-1.9434,-1.8
0.14336,0,-0.47964,-1.9434,-1.8
0.14336,-4.8828,0.49548,-1.9434,-1.8
0.14824,0,-0.50209,-1.9482,-1.8
0.14824,0,-0.50358,-1.9482,-1.8
0.14336,-4.8828,0.49104,-1.9434,-1.8
0.14336,0,-0.48696,-1.9434,-1.8
0.14336,0,-0.48839,-1.9434,-1.8
0.13848,0,-0.47027,-1.9385,-1.8
0.13848,0,-0.47165,-1.9385,-1.8
0.13848,4.8828,-1.4496,-1.9385,-1.8
0.13848,4.8828,-1.4509,-1.9385,-1.8
0.13848,0,-0.47577,-1.9385,-1.8
0.14336,4.8828,-1.4733,-1.9434,-1.8
0.14336,0,-0.49812,-1.9434,-1.8
0.14824,0,-0.51912,-1.9482,-1.8
0.15801,4.8828,-1.5363,-1.958,-1.8
0.16289,0,-0.58083,-1.9629,-1.8
0.16777,0,-0.60203,-1.9678,-1.8
0.17754,4.8828,-1.6194,-1.9775,-1.8
0.18242,0,-0.66415,-1.9824,-1.8
0.1873,0,-0.68551,-1.9873,-1.8
0.19219,4.8828,-1.6835,-1.9922,-1.8
0.19219,0,-0.70883,-1.9922,-1.8
0.19219,0,-0.71075,-1.9922,-1.8
0.19219,0,-0.71267,-1.9922,-1.8
0.1873,0,-0.69502,-1.9873,-1.8
0.18242,0,-0.67734,-1.9824,-1.8
0.18242,0,-0.67916,-1.9824,-1.8
0.17266,-4.8828,0.33469,-1.9727,-1.8
0.16777,0,-0.62405,-1.9678,-1.8
0.16289,4.8828,-1.5827,-1.9629,-1.8
0.15312,0,-0.56865,-1.9531,-1.8
0.14824,0,-0.55061,-1.9482,-1.8
0.14336,0,-0.53254,-1.9434,-1.8
0.13848,0,-0.5144,-1.9385,-1.8
0.13359,0,-0.49621,-1.9336,-1.8
0.12383,0,-0.45842,-1.9238,-1.8
0.11895,-4.8828,0.53644,-1.9189,-1.8
0.11895,0,-0.44132,-1.9189,-1.8
0.11406,0,-0.42294,-1.9141,-1.8
0.11406,0,-0.42409,-1.9141,-1.8
0.10918,0,-0.40567,-1.9092,-1.8
0.10918,0,-0.40676,-1.9092,-1.8
0.1043,0,-0.3883,-1.9043,-1.8
0.1043,0,-0.38934,-1.9043,-1.8
0.1043,0,-0.39038,-1.9043,-1.8
0.1043,0,-0.39139,-1.9043,-1.8
0.1043,4.8828,-1.369,-1.9043,-1.8
0.1043,4.8828,-1.37,-1.9043,-1.8
0.1043,0,-0.39446,-1.9043,-1.8
0.1043,0,-0.39551,-1.9043,-1.8
0.10918,4.8828,-1.3927,-1.9092,-1.8
0.10918,4.8828,-1.3937,-1.9092,-1.8
0.10918,0,-0.41822,-1.9092,-1.8
0.11406,0,-0.43885,-1.9141,-1.8
0.11406,0,-0.43999,-1.9141,-1.8
0.11895,0,-0.46068,-1.9189,-1.8
0.11895,0,-0.46186,-1.9189,-1.8
0.11895,0,-0.46305,-1.9189,-1.8
0.12383,0,-0.48382,-1.9238,-1.8
0.12383,0,-0.48505,-1.9238,-1.8
0.12871,0,-0.50586,-1.9287,-1.8
0.13848,4.8828,-1.5228,-1.9385,-1.8
0.14336,0,-0.56717,-1.9434,-1.8
0.14824,0,-0.58815,-1.9482,-1.8
0.15312,0,-0.6092,-1.9531,-1.8
0.15801,0,-0.63029,-1.958,-1.8
0.16289,0,-0.65145,-1.9629,-1.8
0.16777,0,-0.67263,-1.9678,-1.8
0.16777,0,-0.67431,-1.9678,-1.8
0.16289,-4.8828,0.32013,-1.9629,-1.8
0.16289,0,-0.65807,-1.9629,-1.8
0.15801,0,-0.64014,-1.958,-1.8
0.75801,0,-3.0459,-1.958,-1.2
0.72383,-4.8828,-1.9401,-1.9238,-1.2
0.62617,-14.648,0.39692,-1.8262,-1.2
0.46992,-19.531,1.9931,-1.6699,-1.2
0.33809,-9.7656,0.56335,-1.5381,-1.2
0.27461,-4.8828,-0.16229,-1.4746,-1.2
0.2209,-4.8828,0.050102,-1.4209,-1.2
0.1623,-4.8828,0.2826,-1.3623,-1.2
0.10859,-4.8828,0.49613,-1.3086,-1.2
0.059766,-4.8828,0.69065,-1.2598,-1.2
0.020703,-4.8828,0.84653,-1.2207,-1.2
-0.0085937,0,-0.012866,-1.1914,-1.2
-0.028125,-4.8828,1.042,-1.1719,-1.2
-0.047656,-4.8828,1.1205,-1.1523,-1.2
-0.07207,-4.8828,1.2188,-1.1279,-1.2
-0.10137,0,0.36028,-1.0986,-1.2
-0.11602,0,0.41999,-1.084,-1.2
-0.13066,0,0.47984,-1.0693,-1.2
-0.15508,-4.8828,1.5555,-1.0449,-1.2
-0.18437,0,0.69786,-1.0156,-1.2
-0.19902,0,0.75841,-1.001,-1.2
-0.20879,0,0.79954,-0.99121,-1.2
-0.22832,-4.8828,1.8564,-0.97168,-1.2
-0.24785,-4.8828,1.9369,-0.95215,-1.2
-0.26738,-4.8828,2.0176,-0.93262,-1.2
-0.28203,-4.8828,2.079,-0.91797,-1.2
-0.2918,-4.8828,2.1209,-0.9082,-1.2
-0.29668,0,1.1668,-0.90332,-1.2
-0.2918,0,1.1502,-0.9082,-1.2
-0.28203,4.8828,0.13749,-0.91797,-1.2
-0.27227,0,1.0778,-0.92773,-1.2
-0.25762,0,1.0218,-0.94238,-1.2
-0.23809,0,0.94615,-0.96191,-1.2
-0.22344,0,0.88986,-0.97656,-1.2
-0.20879,0,0.8334,-0.99121,-1.2
-0.19414,0,0.7768,-1.0059,-1.2
-0.18437,0,0.7396,-1.0156,-1.2
-0.17461,0,0.70233,-1.0254,-1.2
-0.17461,0,0.70407,-1.0254,-1.2
-0.17461,0,0.70581,-1.0254,-1.2
-0.17949,0,0.7271,-1.0205,-1.2
-0.18437,0,0.74846,-1.0156,-1.2
-0.19414,-4.8828,1.766,-1.0059,-1.2
-0.19902,0,0.81091,-1.001,-1.2
-0.20879,-4.8828,1.8286,-0.99121,-1.2
-0.20879,4.8828,-0.12246,-0.99121,-1.2
-0.21367,0,0.87577,-0.98633,-1.2
-0.21367,0,0.87792,-0.98633,-1.2
-0.21855,-4.8828,1.8762,-0.98145,-1.2
-0.21367,4.8828,-0.094308,-0.98633,-1.2
-0.21855,0,0.90396,-0.98145,-1.2
-0.21367,4.8828,-0.089951,-0.98633,-1.2
-0.21855,0,0.90833,-0.98145,-1.2
-0.21855,4.8828,-0.066044,-0.98145,-1.2
-0.22344,0,0.93228,-0.97656,-1.2
-0.22344,0,0.93452,-0.97656,-1.2
-0.22832,0,0.95633,-0.97168,-1.2
-0.22344,4.8828,-0.037487,-0.97656,-1.2
-0.22832,0,0.96088,-0.97168,-1.2
-0.22832,0,0.96317,-0.97168,-1.2
-0.2332,0,0.98502,-0.9668,-1.2
-0.2332,0,0.98735,-0.9668,-1.2
-0.23809,0,1.0093,-0.96191,-1.2
-0.23809,0,1.0116,-0.96191,-1.2
-0.24297,0,1.0336,-0.95703,-1.2
-0.23809,0,1.0165,-0.96191,-1.2
-0.23809,0,1.0188,-0.96191,-1.2
-0.2332,0,1.0017,-0.9668,-1.2
-0.2332,0,1.004,-0.9668,-1.2
-0.22832,0,0.98681,-0.97168,-1.2
-0.22832,0,0.98909,-0.97168,-1.2
-0.22832,0,0.99138,-0.97168,-1.2
-0.22832,0,0.99366,-0.97168,-1.2
-0.22344,4.8828,-0.00015547,-0.97656,-1.2
-0.22832,0,0.9982,-0.97168,-1.2
-0.22344,0,0.98091,-0.97656,-1.2
-0.21855,0,0.96359,-0.98145,-1.2
-0.21367,0,0.94622,-0.98633,-1.2
-0.20879,0,0.9288,-0.99121,-1.2
-0.19902,0,0.89177,-1.001,-1.2
-0.18926,4.8828,-0.1219,-1.0107,-1.2
-0.17949,0,0.81744,-1.0205,-1.2
-0.16973,0,0.78012,-1.0303,-1.2
-0.15996,0,0.7427,-1.04,-1.2
-0.15508,0,0.72474,-1.0449,-1.2
-0.14531,0,0.68716,-1.0547,-1.2
-0.14531,0,0.68859,-1.0547,-1.2
-0.14043,0,0.67047,-1.0596,-1.2
-0.14043,0,0.67188,-1.0596,-1.2
-0.14043,0,0.67328,-1.0596,-1.2
-0.1502,0,0.71381,-1.0498,-1.2
-0.1502,0,0.71531,-1.0498,-1.2
-0.15996,0,0.75593,-1.04,-1.2
-0.16484,0,0.77709,-1.0352,-1.2
-0.17461,-4.8828,1.7944,-1.0254,-1.2
-0.17461,0,0.81958,-1.0254,-1.2
-0.17949,0,0.84089,-1.0205,-1.2
-0.18437,0,0.86225,-1.0156,-1.2
-0.18437,0,0.8641,-1.0156,-1.2
-0.18437,0,0.86594,-1.0156,-1.2
-0.18926,0,0.88733,-1.0107,-1.2
-0.18437,0,0.86966,-1.0156,-1.2
-0.18926,0,0.89105,-1.0107,-1.2
-0.18437,0,0.87338,-1.0156,-1.2
-0.18926,-4.8828,1.8713,-1.0107,-1.2
-0.18437,0,0.87708,-1.0156,-1.2
-0.18926,-4.8828,1.875,-1.0107,-1.2
-0.18437,0,0.88078,-1.0156,-1.2
-0.18926,0,0.9022,-1.0107,-1.2
-0.18926,0,0.9041,-1.0107,-1.2
-0.19414,0,0.92556,-1.0059,-1.2
-0.19902,0,0.94706,-1.001,-1.2
-0.20391,0,0.96859,-0.99609,-1.2
-0.20391,0,0.97063,-0.99609,-1.2
-0.20879,0,0.99222,-0.99121,-1.2
-0.20879,0,0.99429,-0.99121,-1.2
-0.20879,0,0.99637,-0.99121,-1.2
-0.20391,0,0.97891,-0.99609,-1.2
-0.20391,4.8828,0.0044051,-0.99609,-1.2
-0.19902,0,0.96344,-1.001,-1.2
-0.18926,0,0.92631,-1.0107,-1.2
-0.17949,0,0.88908,-1.0205,-1.2
-0.17461,0,0.87132,-1.0254,-1.2
-0.16484,0,0.83395,-1.0352,-1.2
-0.15996,0,0.81603,-1.04,-1.2
-0.1502,0,0.77851,-1.0498,-1.2
-0.14531,4.8828,-0.21608,-1.0547,-1.2
-0.14043,0,0.74238,-1.0596,-1.2
-0.13555,0,0.72421,-1.0645,-1.2
-0.13066,0,0.70601,-1.0693,-1.2
-0.13066,0,0.70732,-1.0693,-1.2
-0.12578,0,0.68904,-1.0742,-1.2
-0.1209,0,0.67073,-1.0791,-1.2
-0.11602,0,0.65238,-1.084,-1.2
-0.11602,0,0.65355,-1.084,-1.2
-0.11602,0,0.6547,-1.084,-1.2
-0.11602,0,0.65585,-1.084,-1.2
-0.11602,0,0.657,-1.084,-1.2
-0.1209,0,0.67771,-1.0791,-1.2
-0.12578,-4.8828,1.675,-1.0742,-1.2
-0.13066,0,0.71926,-1.0693,-1.2
-0.13555,-4.8828,1.7167,-1.0645,-1.2
-0.14043,0,0.76101,-1.0596,-1.2
-0.14531,-4.8828,1.7585,-1.0547,-1.2
-0.1502,0,0.80295,-1.0498,-1.2
-0.1502,0,0.80445,-1.0498,-1.2
-0.15508,0,0.82552,-1.0449,-1.2
-0.15508,0,0.82707,-1.0449,-1.2
-0.15996,0,0.84817,-1.04,-1.2
-0.15996,-4.8828,1.8263,-1.04,-1.2
-0.15996,0,0.85132,-1.04,-1.2
-0.15508,0,0.83333,-1.0449,-1.2
-0.15508,0,0.83489,-1.0449,-1.2
-0.15508,0,0.83644,-1.0449,-1.2
-0.15996,-4.8828,1.8341,-1.04,-1.2
-0.15996,0,0.85911,-1.04,-1.2
-0.15996,0,0.86072,-1.04,-1.2
-0.16484,0,0.88187,-1.0352,-1.2
-0.16484,0,0.88352,-1.0352,-1.2
-0.16484,0,0.88516,-1.0352,-1.2
-0.16973,0,0.90637,-1.0303,-1.2
-0.16973,0,0.90807,-1.0303,-1.2
-0.17461,0,0.92932,-1.0254,-1.2
-0.17461,0,0.93107,-1.0254,-1.2
-0.17461,4.8828,-0.043737,-1.0254,-1.2
-0.17461,0,0.93457,-1.0254,-1.2
-0.76973,-600,123.32,-1.0303,-1.8
